,winner_name,loser_name,winner_rank,loser_rank,winner_serve_rating,loser_serve_rating,winner_return_rating,loser_return_rating,rank_diff,serve_diff,return_diff
0,Frances Tiafoe,Lorenzo Musetti,2310.0,1470.0,282.3,265.3,137.8,152.4,840.0,17.0,-14.599999999999994
1,Taylor Fritz,Hubert Hurkacz,3100.0,3245.0,288.6,295.5,145.4,124.6,-145.0,-6.899999999999977,20.80000000000001
2,Stefanos Tsitsipas,Borna Coric,4235.0,1135.0,292.0,264.0,133.5,125.6,3100.0,28.0,7.900000000000006
3,Cameron Norrie,Taylor Fritz,1940.0,3100.0,270.6,288.6,147.0,145.4,-1160.0,-18.0,1.5999999999999943
4,Frances Tiafoe,Daniel Evans,2310.0,1131.0,282.3,260.8,137.8,136.7,1179.0,21.5,1.1000000000000227
5,Stefanos Tsitsipas,Grigor Dimitrov,4235.0,2570.0,292.0,276.6,133.5,146.0,1665.0,15.399999999999977,-12.5
6,Hubert Hurkacz,Stan Wawrinka,3245.0,942.0,295.5,274.8,124.6,131.2,2303.0,20.69999999999999,-6.599999999999994
7,Hubert Hurkacz,Alexander Bublik,3245.0,1369.0,295.5,269.6,124.6,128.7,1876.0,25.899999999999977,-4.099999999999994
8,Stan Wawrinka,Alexander Bublik,942.0,1369.0,274.8,269.6,131.2,128.7,-427.0,5.199999999999989,2.5
9,Taylor Fritz,Alexander Zverev,3100.0,3585.0,288.6,283.0,145.4,141.1,-485.0,5.600000000000023,4.300000000000011
10,Taylor Fritz,Jiri Lehecka,3100.0,1372.0,288.6,272.4,145.4,131.2,1728.0,16.200000000000045,14.200000000000017
11,Jiri Lehecka,Alexander Zverev,1372.0,3585.0,272.4,283.0,131.2,141.1,-2213.0,-10.600000000000023,-9.900000000000006
12,Borna Coric,Arthur Rinderknech,1135.0,656.0,264.0,275.1,125.6,125.0,479.0,-11.100000000000023,0.5999999999999943
13,Arthur Rinderknech,Francisco Cerundolo,656.0,1760.0,275.1,256.9,125.0,151.6,-1104.0,18.200000000000045,-26.599999999999994
14,Borna Coric,Francisco Cerundolo,1135.0,1760.0,264.0,256.9,125.6,151.6,-625.0,7.100000000000023,-26.0
15,Novak Djokovic,Sebastian Korda,9945.0,1530.0,292.2,281.2,158.4,137.7,8415.0,11.0,20.700000000000017
16,Novak Djokovic,Daniil Medvedev,9945.0,7200.0,292.2,277.6,158.4,163.7,2745.0,14.599999999999966,-5.299999999999983
17,Sebastian Korda,Yoshihito Nishioka,1530.0,955.0,281.2,258.0,137.7,137.9,575.0,23.19999999999999,-0.20000000000001705
18,Daniil Medvedev,Karen Khachanov,7200.0,2520.0,277.6,279.3,163.7,146.7,4680.0,-1.6999999999999886,17.0
19,Sebastian Korda,Jannik Sinner,1530.0,5490.0,281.2,283.1,137.7,160.0,-3960.0,-1.900000000000034,-22.30000000000001
20,Yoshihito Nishioka,Alexei Popyrin,955.0,1084.0,258.0,279.8,137.9,119.5,-129.0,-21.80000000000001,18.400000000000006
21,Novak Djokovic,Quentin Halys,9945.0,640.0,292.2,288.5,158.4,122.7,9305.0,3.6999999999999886,35.7
22,Daniil Medvedev,Miomir Kecmanovic,7200.0,905.0,277.6,262.9,163.7,140.8,6295.0,14.700000000000045,22.899999999999977
23,Jannik Sinner,Thanasi Kokkinakis,5490.0,802.0,283.1,287.6,160.0,121.9,4688.0,-4.5,38.099999999999994
24,Sebastian Korda,Roberto Bautista Agut,1530.0,836.0,281.2,272.4,137.7,133.7,694.0,8.800000000000011,4.0
25,Alexei Popyrin,Marcos Giron,1084.0,860.0,279.8,271.5,119.5,134.6,224.0,8.300000000000011,-15.099999999999994
26,Quentin Halys,Jordan Thompson,640.0,902.0,288.5,280.4,122.7,125.8,-262.0,8.100000000000023,-3.0999999999999943
27,Daniil Medvedev,Lorenzo Sonego,7200.0,990.0,277.6,277.2,163.7,132.2,6210.0,0.4000000000000341,31.5
28,Karen Khachanov,Pedro Cachin,2520.0,763.0,279.3,261.8,146.7,136.8,1757.0,17.5,9.899999999999977
29,Sebastian Korda,Andy Murray,1530.0,1050.0,281.2,266.5,137.7,129.6,480.0,14.699999999999989,8.099999999999994
30,Roberto Bautista Agut,Andrey Rublev,836.0,4805.0,272.4,279.4,133.7,146.7,-3969.0,-7.0,-13.0
31,Yoshihito Nishioka,Holger Rune,955.0,3460.0,258.0,271.9,137.9,139.5,-2505.0,-13.899999999999977,-1.5999999999999943
32,Marcos Giron,Richard Gasquet,860.0,735.0,271.5,252.4,134.6,139.2,125.0,19.099999999999994,-4.599999999999994
33,Tallon Griekspoor,Benjamin Bonzi,1640.0,738.0,282.8,271.1,126.5,132.5,902.0,11.699999999999989,-6.0
34,Benjamin Bonzi,Emil Ruusuvuori,738.0,771.0,271.1,268.2,132.5,140.7,-33.0,2.900000000000034,-8.199999999999989
35,Roberto Carballes Baena,Bernabe Zapata Miralles,816.0,715.0,256.8,242.8,141.4,153.3,101.0,14.0,-11.900000000000006
36,Tallon Griekspoor,Jaume Munar,1640.0,706.0,282.8,246.9,126.5,149.4,934.0,35.900000000000006,-22.900000000000006
37,Richard Gasquet,Cameron Norrie,735.0,1940.0,252.4,270.6,139.2,147.0,-1205.0,-18.200000000000017,-7.800000000000011
38,Cameron Norrie,Marcos Giron,1940.0,860.0,270.6,271.5,147.0,134.6,1080.0,-0.8999999999999773,12.400000000000006
39,Laslo Djere,Casper Ruud,1285.0,2825.0,269.8,276.0,134.9,141.1,-1540.0,-6.199999999999989,-6.199999999999989
40,Quentin Halys,Ben Shelton,640.0,2215.0,288.5,282.8,122.7,127.3,-1575.0,5.699999999999989,-4.599999999999994
41,Cameron Norrie,Jiri Lehecka,1940.0,1372.0,270.6,272.4,147.0,131.2,568.0,-1.7999999999999545,15.800000000000011
42,Laslo Djere,Jaume Munar,1285.0,706.0,269.8,246.9,134.9,149.4,579.0,22.900000000000006,-14.5
43,Christopher Eubanks,Ugo Humbert,1253.0,1765.0,289.7,268.1,114.6,136.0,-512.0,21.599999999999966,-21.400000000000006
44,Ben Shelton,Sebastian Baez,2215.0,1435.0,282.8,265.1,127.3,150.9,780.0,17.69999999999999,-23.60000000000001
45,Roberto Bautista Agut,Thanasi Kokkinakis,836.0,802.0,272.4,287.6,133.7,121.9,34.0,-15.200000000000045,11.799999999999983
46,Thanasi Kokkinakis,Miomir Kecmanovic,802.0,905.0,287.6,262.9,121.9,140.8,-103.0,24.700000000000045,-18.900000000000006
47,Roberto Bautista Agut,Alejandro Davidovich Fokina,836.0,1495.0,272.4,264.1,133.7,154.6,-659.0,8.299999999999955,-20.900000000000006
48,Thanasi Kokkinakis,Andrey Rublev,802.0,4805.0,287.6,279.4,121.9,146.7,-4003.0,8.200000000000045,-24.799999999999983
49,Thanasi Kokkinakis,Alexei Popyrin,802.0,1084.0,287.6,279.8,121.9,119.5,-282.0,7.800000000000011,2.4000000000000057
50,Karen Khachanov,Bernabe Zapata Miralles,2520.0,715.0,279.3,242.8,146.7,153.3,1805.0,36.5,-6.600000000000023
51,Frances Tiafoe,Daniel Altmaier,2310.0,891.0,282.3,269.3,137.8,131.0,1419.0,13.0,6.800000000000011
52,Sebastian Korda,Cristian Garin,1530.0,696.0,281.2,262.6,137.7,141.1,834.0,18.599999999999966,-3.4000000000000057
53,Daniil Medvedev,Marcos Giron,7200.0,860.0,277.6,271.5,163.7,134.6,6340.0,6.100000000000023,29.099999999999994
54,Stefanos Tsitsipas,Quentin Halys,4235.0,640.0,292.0,288.5,133.5,122.7,3595.0,3.5,10.799999999999997
55,Tomas Martin Etcheverry,Gregoire Barrere,1375.0,708.0,274.0,269.1,137.9,131.9,667.0,4.899999999999977,6.0
56,Jiri Lehecka,Borna Coric,1372.0,1135.0,272.4,264.0,131.2,125.6,237.0,8.399999999999977,5.599999999999994
57,Andrey Rublev,Dominic Thiem,4805.0,652.0,279.4,269.6,146.7,124.0,4153.0,9.799999999999955,22.69999999999999
58,Emil Ruusuvuori,Max Purcell,771.0,1012.0,268.2,263.0,140.7,125.7,-241.0,5.199999999999989,14.999999999999986
59,Ugo Humbert,Richard Gasquet,1765.0,735.0,268.1,252.4,136.0,139.2,1030.0,15.700000000000017,-3.1999999999999886
60,Novak Djokovic,Roberto Carballes Baena,9945.0,816.0,292.2,256.8,158.4,141.4,9129.0,35.39999999999998,17.0
61,Ben Shelton,Zhizhen Zhang,2215.0,885.0,282.8,272.2,127.3,135.2,1330.0,10.600000000000023,-7.8999999999999915
62,Nicolas Jarry,Miomir Kecmanovic,1810.0,905.0,290.6,262.9,131.2,140.8,905.0,27.700000000000045,-9.600000000000023
63,Alexander Zverev,Juan Pablo Varillas,3585.0,780.0,283.0,254.2,141.1,145.4,2805.0,28.80000000000001,-4.300000000000011
64,Alejandro Davidovich Fokina,Alexander Bublik,1495.0,1369.0,264.1,269.6,154.6,128.7,126.0,-5.5,25.900000000000006
65,Hubert Hurkacz,Lorenzo Sonego,3245.0,990.0,295.5,277.2,124.6,132.2,2255.0,18.30000000000001,-7.599999999999994
66,Jannik Sinner,Tomas Martin Etcheverry,5490.0,1375.0,283.1,274.0,160.0,137.9,4115.0,9.100000000000023,22.099999999999994
67,Jiri Lehecka,Christopher Eubanks,1372.0,1253.0,272.4,289.7,131.2,114.6,119.0,-17.30000000000001,16.599999999999994
68,Andrey Rublev,Emil Ruusuvuori,4805.0,771.0,279.4,268.2,146.7,140.7,4034.0,11.199999999999989,6.0
69,Grigor Dimitrov,Laslo Djere,2570.0,1285.0,276.6,269.8,146.0,134.9,1285.0,6.800000000000011,11.099999999999994
70,Alexei Popyrin,Taylor Fritz,1084.0,3100.0,279.8,288.6,119.5,145.4,-2016.0,-8.800000000000011,-25.900000000000006
71,Ben Shelton,Nicolas Jarry,2215.0,1810.0,282.8,290.6,127.3,131.2,405.0,-7.800000000000011,-3.8999999999999915
72,Andy Murray,Thanasi Kokkinakis,1050.0,802.0,266.5,287.6,129.6,121.9,248.0,-21.100000000000023,7.699999999999989
73,Tommy Paul,Alejandro Davidovich Fokina,2665.0,1495.0,273.2,264.1,143.3,154.6,1170.0,9.099999999999966,-11.299999999999983
74,Karen Khachanov,Frances Tiafoe,2520.0,2310.0,279.3,282.3,146.7,137.8,210.0,-3.0,8.899999999999977
75,Sebastian Korda,Daniil Medvedev,1530.0,7200.0,281.2,277.6,137.7,163.7,-5670.0,3.599999999999966,-26.0
76,Stefanos Tsitsipas,Tallon Griekspoor,4235.0,1640.0,292.0,282.8,133.5,126.5,2595.0,9.199999999999989,7.0
77,Jannik Sinner,Marton Fucsovics,5490.0,912.0,283.1,259.6,160.0,145.6,4578.0,23.5,14.400000000000006
78,Jiri Lehecka,Cameron Norrie,1372.0,1940.0,272.4,270.6,131.2,147.0,-568.0,1.7999999999999545,-15.800000000000011
79,Andrey Rublev,Daniel Evans,4805.0,1131.0,279.4,260.8,146.7,136.7,3674.0,18.599999999999966,10.0
80,Holger Rune,Ugo Humbert,3460.0,1765.0,271.9,268.1,139.5,136.0,1695.0,3.7999999999999545,3.5
81,Novak Djokovic,Grigor Dimitrov,9945.0,2570.0,292.2,276.6,158.4,146.0,7375.0,15.599999999999966,12.400000000000006
82,Ben Shelton,Alexei Popyrin,2215.0,1084.0,282.8,279.8,127.3,119.5,1131.0,3.0,7.799999999999997
83,Roberto Bautista Agut,Andy Murray,836.0,1050.0,272.4,266.5,133.7,129.6,-214.0,5.899999999999977,4.099999999999994
84,Karen Khachanov,Yoshihito Nishioka,2520.0,955.0,279.3,258.0,146.7,137.9,1565.0,21.30000000000001,8.799999999999983
85,Sebastian Korda,Hubert Hurkacz,1530.0,3245.0,281.2,295.5,137.7,124.6,-1715.0,-14.300000000000011,13.099999999999994
86,Stefanos Tsitsipas,Jannik Sinner,4235.0,5490.0,292.0,283.1,133.5,160.0,-1255.0,8.899999999999977,-26.5
87,Andrey Rublev,Holger Rune,4805.0,3460.0,279.4,271.9,146.7,139.5,1345.0,7.5,7.199999999999989
88,Tommy Paul,Roberto Bautista Agut,2665.0,836.0,273.2,272.4,143.3,133.7,1829.0,0.8000000000000114,9.600000000000023
89,Karen Khachanov,Sebastian Korda,2520.0,1530.0,279.3,281.2,146.7,137.7,990.0,-1.8999999999999773,9.0
90,Stefanos Tsitsipas,Jiri Lehecka,4235.0,1372.0,292.0,272.4,133.5,131.2,2863.0,19.600000000000023,2.3000000000000114
91,Novak Djokovic,Andrey Rublev,9945.0,4805.0,292.2,279.4,158.4,146.7,5140.0,12.800000000000011,11.700000000000017
92,Tommy Paul,Ben Shelton,2665.0,2215.0,273.2,282.8,143.3,127.3,450.0,-9.600000000000023,16.000000000000014
93,Stefanos Tsitsipas,Karen Khachanov,4235.0,2520.0,292.0,279.3,133.5,146.7,1715.0,12.699999999999989,-13.199999999999989
94,Novak Djokovic,Tommy Paul,9945.0,2665.0,292.2,273.2,158.4,143.3,7280.0,19.0,15.099999999999994
95,Novak Djokovic,Stefanos Tsitsipas,9945.0,4235.0,292.2,292.0,158.4,133.5,5710.0,0.19999999999998863,24.900000000000006
96,Bernabe Zapata Miralles,Roberto Carballes Baena,715.0,816.0,242.8,256.8,153.3,141.4,-101.0,-14.0,11.900000000000006
97,Dusan Lajovic,Juan Pablo Varillas,994.0,780.0,260.1,254.2,144.7,145.4,214.0,5.900000000000034,-0.700000000000017
98,Taylor Fritz,Marcos Giron,3100.0,860.0,288.6,271.5,145.4,134.6,2240.0,17.100000000000023,10.800000000000011
99,Adrian Mannarino,Jordan Thompson,1755.0,902.0,265.8,280.4,154.3,125.8,853.0,-14.599999999999966,28.500000000000014
100,Jannik Sinner,Arthur Fils,5490.0,1162.0,283.1,267.1,160.0,135.6,4328.0,16.0,24.400000000000006
101,Holger Rune,Gregoire Barrere,3460.0,708.0,271.9,269.1,139.5,131.9,2752.0,2.7999999999999545,7.599999999999994
102,Arthur Fils,Quentin Halys,1162.0,640.0,267.1,288.5,135.6,122.7,522.0,-21.399999999999977,12.899999999999991
103,Jannik Sinner,Lorenzo Sonego,5490.0,990.0,283.1,277.2,160.0,132.2,4500.0,5.900000000000034,27.80000000000001
104,Borna Coric,Arthur Rinderknech,1135.0,656.0,264.0,275.1,125.6,125.0,479.0,-11.100000000000023,0.5999999999999943
105,Quentin Halys,Alejandro Davidovich Fokina,640.0,1495.0,288.5,264.1,122.7,154.6,-855.0,24.399999999999977,-31.89999999999999
106,Arthur Fils,Roberto Bautista Agut,1162.0,836.0,267.1,272.4,135.6,133.7,326.0,-5.2999999999999545,1.9000000000000057
107,Jannik Sinner,Marton Fucsovics,5490.0,912.0,283.1,259.6,160.0,145.6,4578.0,23.5,14.400000000000006
108,Gregoire Barrere,Alexander Bublik,708.0,1369.0,269.1,269.6,131.9,128.7,-661.0,-0.5,3.200000000000017
109,Alejandro Davidovich Fokina,Ugo Humbert,1495.0,1765.0,264.1,268.1,154.6,136.0,-270.0,-4.0,18.599999999999994
110,Arthur Fils,Richard Gasquet,1162.0,735.0,267.1,252.4,135.6,139.2,427.0,14.700000000000017,-3.5999999999999943
111,Lorenzo Sonego,Benjamin Bonzi,990.0,738.0,277.2,271.1,132.2,132.5,252.0,6.099999999999966,-0.30000000000001137
112,Taylor Fritz,Miomir Kecmanovic,3100.0,905.0,288.6,262.9,145.4,140.8,2195.0,25.700000000000045,4.599999999999994
113,Taylor Fritz,Adrian Mannarino,3100.0,1755.0,288.6,265.8,145.4,154.3,1345.0,22.80000000000001,-8.900000000000006
114,Miomir Kecmanovic,Marcos Giron,905.0,860.0,262.9,271.5,140.8,134.6,45.0,-8.600000000000023,6.200000000000017
115,Adrian Mannarino,Daniel Altmaier,1755.0,891.0,265.8,269.3,154.3,131.0,864.0,-3.5,23.30000000000001
116,Marcos Giron,Ben Shelton,860.0,2215.0,271.5,282.8,134.6,127.3,-1355.0,-11.300000000000011,7.299999999999997
117,Carlos Alcaraz,Cameron Norrie,8455.0,1940.0,280.5,270.6,162.6,147.0,6515.0,9.899999999999977,15.599999999999994
118,Carlos Alcaraz,Bernabe Zapata Miralles,8455.0,715.0,280.5,242.8,162.6,153.3,7740.0,37.69999999999999,9.299999999999983
119,Cameron Norrie,Juan Pablo Varillas,1940.0,780.0,270.6,254.2,147.0,145.4,1160.0,16.400000000000034,1.5999999999999943
120,Carlos Alcaraz,Dusan Lajovic,8455.0,994.0,280.5,260.1,162.6,144.7,7461.0,20.399999999999977,17.900000000000006
121,Bernabe Zapata Miralles,Francisco Cerundolo,715.0,1760.0,242.8,256.9,153.3,151.6,-1045.0,-14.099999999999966,1.700000000000017
122,Juan Pablo Varillas,Lorenzo Musetti,780.0,1470.0,254.2,265.3,145.4,152.4,-690.0,-11.100000000000023,-7.0
123,Cameron Norrie,Tomas Martin Etcheverry,1940.0,1375.0,270.6,274.0,147.0,137.9,565.0,-3.3999999999999773,9.099999999999994
124,Carlos Alcaraz,Laslo Djere,8455.0,1285.0,280.5,269.8,162.6,134.9,7170.0,10.699999999999989,27.69999999999999
125,Francisco Cerundolo,Jaume Munar,1760.0,706.0,256.9,246.9,151.6,149.4,1054.0,9.999999999999972,2.1999999999999886
126,Juan Pablo Varillas,Dominic Thiem,780.0,652.0,254.2,269.6,145.4,124.0,128.0,-15.400000000000034,21.400000000000006
127,Lorenzo Musetti,Pedro Cachin,1470.0,763.0,265.3,261.8,152.4,136.8,707.0,3.5,15.599999999999994
128,Tomas Martin Etcheverry,Roberto Carballes Baena,1375.0,816.0,274.0,256.8,137.9,141.4,559.0,17.19999999999999,-3.5
129,Dusan Lajovic,Sebastian Baez,994.0,1435.0,260.1,265.1,144.7,150.9,-441.0,-5.0,-6.200000000000017
130,Francisco Cerundolo,Yannick Hanfmann,1760.0,937.0,256.9,270.6,151.6,139.8,823.0,-13.700000000000045,11.799999999999983
131,Daniil Medvedev,Jannik Sinner,7200.0,5490.0,277.6,283.1,163.7,160.0,1710.0,-5.5,3.6999999999999886
132,Jannik Sinner,Tallon Griekspoor,5490.0,1640.0,283.1,282.8,160.0,126.5,3850.0,0.30000000000001137,33.5
133,Daniil Medvedev,Grigor Dimitrov,7200.0,2570.0,277.6,276.6,163.7,146.0,4630.0,1.0,17.69999999999999
134,Jannik Sinner,Stan Wawrinka,5490.0,942.0,283.1,274.8,160.0,131.2,4548.0,8.300000000000011,28.80000000000001
135,Jannik Sinner,Stefanos Tsitsipas,5490.0,4235.0,283.1,292.0,160.0,133.5,1255.0,-8.899999999999977,26.5
136,Stan Wawrinka,Richard Gasquet,942.0,735.0,274.8,252.4,131.2,139.2,207.0,22.400000000000006,-8.0
137,Tallon Griekspoor,Alexander Zverev,1640.0,3585.0,282.8,283.0,126.5,141.1,-1945.0,-0.19999999999998863,-14.599999999999994
138,Grigor Dimitrov,Hubert Hurkacz,2570.0,3245.0,276.6,295.5,146.0,124.6,-675.0,-18.899999999999977,21.400000000000006
139,Stefanos Tsitsipas,Emil Ruusuvuori,4235.0,771.0,292.0,268.2,133.5,140.7,3464.0,23.80000000000001,-7.199999999999989
140,Jannik Sinner,Benjamin Bonzi,5490.0,738.0,283.1,271.1,160.0,132.5,4752.0,12.0,27.5
141,Stan Wawrinka,Alexander Bublik,942.0,1369.0,274.8,269.6,131.2,128.7,-427.0,5.199999999999989,2.5
142,Daniil Medvedev,Alejandro Davidovich Fokina,7200.0,1495.0,277.6,264.1,163.7,154.6,5705.0,13.5,9.099999999999994
143,Hubert Hurkacz,Roberto Bautista Agut,3245.0,836.0,295.5,272.4,124.6,133.7,2409.0,23.100000000000023,-9.099999999999994
144,Daniil Medvedev,Andy Murray,7200.0,1050.0,277.6,266.5,163.7,129.6,6150.0,11.100000000000023,34.099999999999994
145,Andy Murray,Jiri Lehecka,1050.0,1372.0,266.5,272.4,129.6,131.2,-322.0,-5.899999999999977,-1.5999999999999943
146,Jiri Lehecka,Andrey Rublev,1372.0,4805.0,272.4,279.4,131.2,146.7,-3433.0,-7.0,-15.5
147,Andrey Rublev,Tallon Griekspoor,4805.0,1640.0,279.4,282.8,146.7,126.5,3165.0,-3.400000000000034,20.19999999999999
148,Jiri Lehecka,Emil Ruusuvuori,1372.0,771.0,272.4,268.2,131.2,140.7,601.0,4.199999999999989,-9.5
149,Andy Murray,Alexander Zverev,1050.0,3585.0,266.5,283.0,129.6,141.1,-2535.0,-16.5,-11.5
150,Tallon Griekspoor,Quentin Halys,1640.0,640.0,282.8,288.5,126.5,122.7,1000.0,-5.699999999999989,3.799999999999997
151,Emil Ruusuvuori,Daniel Evans,771.0,1131.0,268.2,260.8,140.7,136.7,-360.0,7.399999999999977,4.0
152,Andy Murray,Lorenzo Sonego,1050.0,990.0,266.5,277.2,129.6,132.2,60.0,-10.699999999999989,-2.5999999999999943
153,Roberto Bautista Agut,Marton Fucsovics,836.0,912.0,272.4,259.6,133.7,145.6,-76.0,12.799999999999955,-11.900000000000006
154,Cameron Norrie,Carlos Alcaraz,1940.0,8455.0,270.6,280.5,147.0,162.6,-6515.0,-9.899999999999977,-15.599999999999994
155,Carlos Alcaraz,Nicolas Jarry,8455.0,1810.0,280.5,290.6,162.6,131.2,6645.0,-10.100000000000023,31.400000000000006
156,Cameron Norrie,Bernabe Zapata Miralles,1940.0,715.0,270.6,242.8,147.0,153.3,1225.0,27.80000000000001,-6.300000000000011
157,Carlos Alcaraz,Dusan Lajovic,8455.0,994.0,280.5,260.1,162.6,144.7,7461.0,20.399999999999977,17.900000000000006
158,Nicolas Jarry,Sebastian Baez,1810.0,1435.0,290.6,265.1,131.2,150.9,375.0,25.5,-19.700000000000017
159,Dusan Lajovic,Laslo Djere,994.0,1285.0,260.1,269.8,144.7,134.9,-291.0,-9.699999999999989,9.799999999999983
160,Sebastian Baez,Juan Pablo Varillas,1435.0,780.0,265.1,254.2,150.9,145.4,655.0,10.900000000000034,5.5
161,Bernabe Zapata Miralles,Francisco Cerundolo,715.0,1760.0,242.8,256.9,153.3,151.6,-1045.0,-14.099999999999966,1.700000000000017
162,Nicolas Jarry,Lorenzo Musetti,1810.0,1470.0,290.6,265.3,131.2,152.4,340.0,25.30000000000001,-21.200000000000017
163,Bernabe Zapata Miralles,Jaume Munar,715.0,706.0,242.8,246.9,153.3,149.4,9.0,-4.099999999999994,3.9000000000000057
164,Francisco Cerundolo,Roberto Carballes Baena,1760.0,816.0,256.9,256.8,151.6,141.4,944.0,0.0999999999999659,10.199999999999989
165,Hubert Hurkacz,Benjamin Bonzi,3245.0,738.0,295.5,271.1,124.6,132.5,2507.0,24.399999999999977,-7.900000000000006
166,Hubert Hurkacz,Alexander Bublik,3245.0,1369.0,295.5,269.6,124.6,128.7,1876.0,25.899999999999977,-4.099999999999994
167,Benjamin Bonzi,Arthur Fils,738.0,1162.0,271.1,267.1,132.5,135.6,-424.0,4.0,-3.0999999999999943
168,Alexander Bublik,Grigor Dimitrov,1369.0,2570.0,269.6,276.6,128.7,146.0,-1201.0,-7.0,-17.30000000000001
169,Arthur Fils,Stan Wawrinka,1162.0,942.0,267.1,274.8,135.6,131.2,220.0,-7.699999999999989,4.400000000000006
170,Alexander Bublik,Gregoire Barrere,1369.0,708.0,269.6,269.1,128.7,131.9,661.0,0.5,-3.200000000000017
171,Stan Wawrinka,Richard Gasquet,942.0,735.0,274.8,252.4,131.2,139.2,207.0,22.400000000000006,-8.0
172,Arthur Fils,Jannik Sinner,1162.0,5490.0,267.1,283.1,135.6,160.0,-4328.0,-16.0,-24.400000000000006
173,Arthur Fils,Roman Safiullin,1162.0,1122.0,267.1,272.5,135.6,145.3,40.0,-5.399999999999977,-9.700000000000017
174,Tommy Paul,Taylor Fritz,2665.0,3100.0,273.2,288.6,143.3,145.4,-435.0,-15.400000000000034,-2.0999999999999943
175,Taylor Fritz,Frances Tiafoe,3100.0,2310.0,288.6,282.3,145.4,137.8,790.0,6.300000000000011,7.599999999999994
176,Frances Tiafoe,Yoshihito Nishioka,2310.0,955.0,282.3,258.0,137.8,137.9,1355.0,24.30000000000001,-0.09999999999999432
177,Holger Rune,Ben Shelton,3460.0,2215.0,271.9,282.8,139.5,127.3,1245.0,-10.900000000000034,12.200000000000003
178,Daniil Medvedev,Andrey Rublev,7200.0,4805.0,277.6,279.4,163.7,146.7,2395.0,-1.7999999999999545,17.0
179,Daniil Medvedev,Novak Djokovic,7200.0,9945.0,277.6,292.2,163.7,158.4,-2745.0,-14.599999999999966,5.299999999999983
180,Andrey Rublev,Alexander Zverev,4805.0,3585.0,279.4,283.0,146.7,141.1,1220.0,-3.6000000000000227,5.599999999999994
181,Novak Djokovic,Hubert Hurkacz,9945.0,3245.0,292.2,295.5,158.4,124.6,6700.0,-3.3000000000000114,33.80000000000001
182,Daniil Medvedev,Borna Coric,7200.0,1135.0,277.6,264.0,163.7,125.6,6065.0,13.600000000000023,38.099999999999994
183,Alexander Zverev,Lorenzo Sonego,3585.0,990.0,283.0,277.2,141.1,132.2,2595.0,5.800000000000011,8.900000000000006
184,Novak Djokovic,Tallon Griekspoor,9945.0,1640.0,292.2,282.8,158.4,126.5,8305.0,9.399999999999977,31.900000000000006
185,Daniil Medvedev,Alexander Bublik,7200.0,1369.0,277.6,269.6,163.7,128.7,5831.0,8.0,35.0
186,Borna Coric,Thanasi Kokkinakis,1135.0,802.0,264.0,287.6,125.6,121.9,333.0,-23.600000000000023,3.6999999999999886
187,Andrey Rublev,Alejandro Davidovich Fokina,4805.0,1495.0,279.4,264.1,146.7,154.6,3310.0,15.299999999999955,-7.900000000000006
188,Daniil Medvedev,Matteo Arnaldi,7200.0,1021.0,277.6,264.9,163.7,138.0,6179.0,12.700000000000045,25.69999999999999
189,Thanasi Kokkinakis,Quentin Halys,802.0,640.0,287.6,288.5,121.9,122.7,162.0,-0.8999999999999773,-0.7999999999999972
190,Borna Coric,Daniel Evans,1135.0,1131.0,264.0,260.8,125.6,136.7,4.0,3.1999999999999886,-11.099999999999994
191,Alexander Zverev,Jiri Lehecka,3585.0,1372.0,283.0,272.4,141.1,131.2,2213.0,10.600000000000023,9.900000000000006
192,Nicolas Jarry,Tomas Martin Etcheverry,1810.0,1375.0,290.6,274.0,131.2,137.9,435.0,16.600000000000023,-6.700000000000017
193,Nicolas Jarry,Jaume Munar,1810.0,706.0,290.6,246.9,131.2,149.4,1104.0,43.70000000000002,-18.200000000000017
194,Tomas Martin Etcheverry,Sebastian Baez,1375.0,1435.0,274.0,265.1,137.9,150.9,-60.0,8.899999999999977,-13.0
195,Nicolas Jarry,Yannick Hanfmann,1810.0,937.0,290.6,270.6,131.2,139.8,873.0,20.0,-8.600000000000023
196,Sebastian Baez,Laslo Djere,1435.0,1285.0,265.1,269.8,150.9,134.9,150.0,-4.699999999999989,16.0
197,Tomas Martin Etcheverry,Dusan Lajovic,1375.0,994.0,274.0,260.1,137.9,144.7,381.0,13.899999999999977,-6.799999999999983
198,Jaume Munar,Lorenzo Musetti,706.0,1470.0,246.9,265.3,149.4,152.4,-764.0,-18.400000000000006,-3.0
199,Yannick Hanfmann,Roberto Carballes Baena,937.0,816.0,270.6,256.8,139.8,141.4,121.0,13.800000000000011,-1.5999999999999943
200,Sebastian Baez,Cristian Garin,1435.0,696.0,265.1,262.6,150.9,141.1,739.0,2.5,9.800000000000011
201,Tomas Martin Etcheverry,Francisco Cerundolo,1375.0,1760.0,274.0,256.9,137.9,151.6,-385.0,17.100000000000023,-13.699999999999989
202,Nicolas Jarry,Juan Pablo Varillas,1810.0,780.0,290.6,254.2,131.2,145.4,1030.0,36.400000000000034,-14.200000000000017
203,Cristian Garin,Dominic Thiem,696.0,652.0,262.6,269.6,141.1,124.0,44.0,-7.0,17.099999999999994
204,Carlos Alcaraz,Daniil Medvedev,8455.0,7200.0,280.5,277.6,162.6,163.7,1255.0,2.8999999999999773,-1.0999999999999943
205,Carlos Alcaraz,Jannik Sinner,8455.0,5490.0,280.5,283.1,162.6,160.0,2965.0,-2.6000000000000227,2.5999999999999943
206,Daniil Medvedev,Frances Tiafoe,7200.0,2310.0,277.6,282.3,163.7,137.8,4890.0,-4.699999999999989,25.899999999999977
207,Jannik Sinner,Taylor Fritz,5490.0,3100.0,283.1,288.6,160.0,145.4,2390.0,-5.5,14.599999999999994
208,Daniil Medvedev,Alejandro Davidovich Fokina,7200.0,1495.0,277.6,264.1,163.7,154.6,5705.0,13.5,9.099999999999994
209,Frances Tiafoe,Cameron Norrie,2310.0,1940.0,282.3,270.6,137.8,147.0,370.0,11.699999999999989,-9.199999999999989
210,Taylor Fritz,Marton Fucsovics,3100.0,912.0,288.6,259.6,145.4,145.6,2188.0,29.0,-0.19999999999998863
211,Jannik Sinner,Stan Wawrinka,5490.0,942.0,283.1,274.8,160.0,131.2,4548.0,8.300000000000011,28.80000000000001
212,Daniil Medvedev,Alexander Zverev,7200.0,3585.0,277.6,283.0,163.7,141.1,3615.0,-5.399999999999977,22.599999999999994
213,Alejandro Davidovich Fokina,Cristian Garin,1495.0,696.0,264.1,262.6,154.6,141.1,799.0,1.5,13.5
214,Cameron Norrie,Andrey Rublev,1940.0,4805.0,270.6,279.4,147.0,146.7,-2865.0,-8.799999999999955,0.30000000000001137
215,Carlos Alcaraz,Tallon Griekspoor,8455.0,1640.0,280.5,282.8,162.6,126.5,6815.0,-2.3000000000000114,36.099999999999994
216,Tommy Paul,Hubert Hurkacz,2665.0,3245.0,273.2,295.5,143.3,124.6,-580.0,-22.30000000000001,18.700000000000017
217,Taylor Fritz,Sebastian Baez,3100.0,1435.0,288.6,265.1,145.4,150.9,1665.0,23.5,-5.5
218,Jannik Sinner,Adrian Mannarino,5490.0,1755.0,283.1,265.8,160.0,154.3,3735.0,17.30000000000001,5.699999999999989
219,Stan Wawrinka,Holger Rune,942.0,3460.0,274.8,271.9,131.2,139.5,-2518.0,2.900000000000034,-8.300000000000011
220,Alexander Zverev,Emil Ruusuvuori,3585.0,771.0,283.0,268.2,141.1,140.7,2814.0,14.800000000000011,0.4000000000000057
221,Alejandro Davidovich Fokina,Karen Khachanov,1495.0,2520.0,264.1,279.3,154.6,146.7,-1025.0,-15.199999999999989,7.900000000000006
222,Cristian Garin,Casper Ruud,696.0,2825.0,262.6,276.0,141.1,141.1,-2129.0,-13.399999999999977,0.0
223,Andrey Rublev,Ugo Humbert,4805.0,1765.0,279.4,268.1,146.7,136.0,3040.0,11.299999999999955,10.699999999999989
224,Carlos Alcaraz,Thanasi Kokkinakis,8455.0,802.0,280.5,287.6,162.6,121.9,7653.0,-7.100000000000023,40.69999999999999
225,Hubert Hurkacz,Alexei Popyrin,3245.0,1084.0,295.5,279.8,124.6,119.5,2161.0,15.699999999999989,5.099999999999994
226,Taylor Fritz,Ben Shelton,3100.0,2215.0,288.6,282.8,145.4,127.3,885.0,5.800000000000011,18.10000000000001
227,Jannik Sinner,Richard Gasquet,5490.0,735.0,283.1,252.4,160.0,139.2,4755.0,30.700000000000017,20.80000000000001
228,Adrian Mannarino,Lorenzo Musetti,1755.0,1470.0,265.8,265.3,154.3,152.4,285.0,0.5,1.9000000000000057
229,Stan Wawrinka,Miomir Kecmanovic,942.0,905.0,274.8,262.9,131.2,140.8,37.0,11.900000000000034,-9.600000000000023
230,Emil Ruusuvuori,Roberto Bautista Agut,771.0,836.0,268.2,272.4,140.7,133.7,-65.0,-4.199999999999989,7.0
231,Alexander Zverev,Pedro Cachin,3585.0,763.0,283.0,261.8,141.1,136.8,2822.0,21.19999999999999,4.299999999999983
232,Cristian Garin,Yoshihito Nishioka,696.0,955.0,262.6,258.0,141.1,137.9,-259.0,4.600000000000023,3.1999999999999886
233,Andrey Rublev,Jiri Lehecka,4805.0,1372.0,279.4,272.4,146.7,131.2,3433.0,7.0,15.5
234,Frances Tiafoe,Marcos Giron,2310.0,860.0,282.3,271.5,137.8,134.6,1450.0,10.800000000000011,3.200000000000017
235,Jordan Thompson,Stefanos Tsitsipas,902.0,4235.0,280.4,292.0,125.8,133.5,-3333.0,-11.600000000000023,-7.700000000000003
236,Andy Murray,Tomas Martin Etcheverry,1050.0,1375.0,266.5,274.0,129.6,137.9,-325.0,-7.5,-8.300000000000011
237,Alexei Popyrin,Zhizhen Zhang,1084.0,885.0,279.8,272.2,119.5,135.2,199.0,7.600000000000023,-15.699999999999989
238,Adrian Mannarino,Dominic Thiem,1755.0,652.0,265.8,269.6,154.3,124.0,1103.0,-3.8000000000000114,30.30000000000001
239,Jiri Lehecka,Arthur Rinderknech,1372.0,656.0,272.4,275.1,131.2,125.0,716.0,-2.7000000000000455,6.199999999999989
240,Ugo Humbert,Bernabe Zapata Miralles,1765.0,715.0,268.1,242.8,136.0,153.3,1050.0,25.30000000000001,-17.30000000000001
241,Daniil Medvedev,Jannik Sinner,7200.0,5490.0,277.6,283.1,163.7,160.0,1710.0,-5.5,3.6999999999999886
242,Jannik Sinner,Carlos Alcaraz,5490.0,8455.0,283.1,280.5,160.0,162.6,-2965.0,2.6000000000000227,-2.5999999999999943
243,Daniil Medvedev,Karen Khachanov,7200.0,2520.0,277.6,279.3,163.7,146.7,4680.0,-1.6999999999999886,17.0
244,Carlos Alcaraz,Taylor Fritz,8455.0,3100.0,280.5,288.6,162.6,145.4,5355.0,-8.100000000000023,17.19999999999999
245,Jannik Sinner,Emil Ruusuvuori,5490.0,771.0,283.1,268.2,160.0,140.7,4719.0,14.900000000000034,19.30000000000001
246,Daniil Medvedev,Christopher Eubanks,7200.0,1253.0,277.6,289.7,163.7,114.6,5947.0,-12.099999999999966,49.099999999999994
247,Karen Khachanov,Francisco Cerundolo,2520.0,1760.0,279.3,256.9,146.7,151.6,760.0,22.400000000000034,-4.900000000000006
248,Carlos Alcaraz,Tommy Paul,8455.0,2665.0,280.5,273.2,162.6,143.3,5790.0,7.300000000000011,19.299999999999983
249,Taylor Fritz,Holger Rune,3100.0,3460.0,288.6,271.9,145.4,139.5,-360.0,16.700000000000045,5.900000000000006
250,Jannik Sinner,Andrey Rublev,5490.0,4805.0,283.1,279.4,160.0,146.7,685.0,3.7000000000000455,13.300000000000011
251,Christopher Eubanks,Adrian Mannarino,1253.0,1755.0,289.7,265.8,114.6,154.3,-502.0,23.899999999999977,-39.70000000000002
252,Daniil Medvedev,Quentin Halys,7200.0,640.0,277.6,288.5,163.7,122.7,6560.0,-10.899999999999977,40.999999999999986
253,Francisco Cerundolo,Lorenzo Sonego,1760.0,990.0,256.9,277.2,151.6,132.2,770.0,-20.30000000000001,19.400000000000006
254,Karen Khachanov,Stefanos Tsitsipas,2520.0,4235.0,279.3,292.0,146.7,133.5,-1715.0,-12.699999999999989,13.199999999999989
255,Carlos Alcaraz,Dusan Lajovic,8455.0,994.0,280.5,260.1,162.6,144.7,7461.0,20.399999999999977,17.900000000000006
256,Tommy Paul,Alejandro Davidovich Fokina,2665.0,1495.0,273.2,264.1,143.3,154.6,1170.0,9.099999999999966,-11.299999999999983
257,Jannik Sinner,Grigor Dimitrov,5490.0,2570.0,283.1,276.6,160.0,146.0,2920.0,6.5,14.0
258,Andrey Rublev,Miomir Kecmanovic,4805.0,905.0,279.4,262.9,146.7,140.8,3900.0,16.5,5.899999999999977
259,Adrian Mannarino,Hubert Hurkacz,1755.0,3245.0,265.8,295.5,154.3,124.6,-1490.0,-29.69999999999999,29.700000000000017
260,Christopher Eubanks,Gregoire Barrere,1253.0,708.0,289.7,269.1,114.6,131.9,545.0,20.599999999999966,-17.30000000000001
261,Lorenzo Sonego,Frances Tiafoe,990.0,2310.0,277.2,282.3,132.2,137.8,-1320.0,-5.100000000000023,-5.600000000000023
262,Karen Khachanov,Jiri Lehecka,2520.0,1372.0,279.3,272.4,146.7,131.2,1148.0,6.900000000000034,15.5
263,Stefanos Tsitsipas,Cristian Garin,4235.0,696.0,292.0,262.6,133.5,141.1,3539.0,29.399999999999977,-7.599999999999994
264,Holger Rune,Marton Fucsovics,3460.0,912.0,271.9,259.6,139.5,145.6,2548.0,12.299999999999955,-6.099999999999994
265,Emil Ruusuvuori,Roberto Bautista Agut,771.0,836.0,268.2,272.4,140.7,133.7,-65.0,-4.199999999999989,7.0
266,Jannik Sinner,Laslo Djere,5490.0,1285.0,283.1,269.8,160.0,134.9,4205.0,13.300000000000011,25.099999999999994
267,Miomir Kecmanovic,Ugo Humbert,905.0,1765.0,262.9,268.1,140.8,136.0,-860.0,-5.2000000000000455,4.800000000000011
268,Hubert Hurkacz,Thanasi Kokkinakis,3245.0,802.0,295.5,287.6,124.6,121.9,2443.0,7.899999999999977,2.6999999999999886
269,Adrian Mannarino,Ben Shelton,1755.0,2215.0,265.8,282.8,154.3,127.3,-460.0,-17.0,27.000000000000014
270,Christopher Eubanks,Borna Coric,1253.0,1135.0,289.7,264.0,114.6,125.6,118.0,25.69999999999999,-11.0
271,Gregoire Barrere,Cameron Norrie,708.0,1940.0,269.1,270.6,131.9,147.0,-1232.0,-1.5,-15.099999999999994
272,Daniil Medvedev,Roberto Carballes Baena,7200.0,816.0,277.6,256.8,163.7,141.4,6384.0,20.80000000000001,22.299999999999983
273,Lorenzo Sonego,Daniel Evans,990.0,1131.0,277.2,260.8,132.2,136.7,-141.0,16.399999999999977,-4.5
274,Karen Khachanov,Tomas Martin Etcheverry,2520.0,1375.0,279.3,274.0,146.7,137.9,1145.0,5.300000000000011,8.799999999999983
275,Jiri Lehecka,Lorenzo Musetti,1372.0,1470.0,272.4,265.3,131.2,152.4,-98.0,7.099999999999966,-21.200000000000017
276,Cristian Garin,Sebastian Baez,696.0,1435.0,262.6,265.1,141.1,150.9,-739.0,-2.5,-9.800000000000011
277,Stefanos Tsitsipas,Richard Gasquet,4235.0,735.0,292.0,252.4,133.5,139.2,3500.0,39.599999999999994,-5.699999999999989
278,Dusan Lajovic,Andy Murray,994.0,1050.0,260.1,266.5,144.7,129.6,-56.0,-6.399999999999977,15.099999999999994
279,Marton Fucsovics,Pedro Cachin,912.0,763.0,259.6,261.8,145.6,136.8,149.0,-2.1999999999999886,8.799999999999983
280,Gregoire Barrere,Roman Safiullin,708.0,1122.0,269.1,272.5,131.9,145.3,-414.0,-3.3999999999999773,-13.400000000000006
281,Roberto Carballes Baena,Bernabe Zapata Miralles,816.0,715.0,256.8,242.8,141.4,153.3,101.0,14.0,-11.900000000000006
282,Lorenzo Sonego,Dominic Thiem,990.0,652.0,277.2,269.6,132.2,124.0,338.0,7.599999999999966,8.199999999999989
283,Cristian Garin,Marcos Giron,696.0,860.0,262.6,271.5,141.1,134.6,-164.0,-8.899999999999977,6.5
284,Casper Ruud,Miomir Kecmanovic,2825.0,905.0,276.0,262.9,141.1,140.8,1920.0,13.100000000000023,0.29999999999998295
285,Casper Ruud,Quentin Halys,2825.0,640.0,276.0,288.5,141.1,122.7,2185.0,-12.5,18.39999999999999
286,Casper Ruud,Sebastian Baez,2825.0,1435.0,276.0,265.1,141.1,150.9,1390.0,10.899999999999977,-9.800000000000011
287,Quentin Halys,Dominic Thiem,640.0,652.0,288.5,269.6,122.7,124.0,-12.0,18.899999999999977,-1.2999999999999972
288,Miomir Kecmanovic,Bernabe Zapata Miralles,905.0,715.0,262.9,242.8,140.8,153.3,190.0,20.099999999999966,-12.5
289,Sebastian Baez,Pedro Cachin,1435.0,763.0,265.1,261.8,150.9,136.8,672.0,3.3000000000000114,14.099999999999994
290,Quentin Halys,Roberto Bautista Agut,640.0,836.0,288.5,272.4,122.7,133.7,-196.0,16.100000000000023,-10.999999999999986
291,Dominic Thiem,Ben Shelton,652.0,2215.0,269.6,282.8,124.0,127.3,-1563.0,-13.199999999999989,-3.299999999999997
292,Bernabe Zapata Miralles,Hubert Hurkacz,715.0,3245.0,242.8,295.5,153.3,124.6,-2530.0,-52.69999999999999,28.700000000000017
293,Dominic Thiem,Sebastian Ofner,652.0,1048.0,269.6,248.6,124.0,143.4,-396.0,21.00000000000003,-19.400000000000006
294,Frances Tiafoe,Tomas Martin Etcheverry,2310.0,1375.0,282.3,274.0,137.8,137.9,935.0,8.300000000000011,-0.09999999999999432
295,Tomas Martin Etcheverry,Yannick Hanfmann,1375.0,937.0,274.0,270.6,137.9,139.8,438.0,3.3999999999999773,-1.9000000000000057
296,Tomas Martin Etcheverry,Cristian Garin,1375.0,696.0,274.0,262.6,137.9,141.1,679.0,11.399999999999977,-3.1999999999999886
297,Tomas Martin Etcheverry,Max Purcell,1375.0,1012.0,274.0,263.0,137.9,125.7,363.0,11.0,12.200000000000003
298,Yannick Hanfmann,Tommy Paul,937.0,2665.0,270.6,273.2,139.8,143.3,-1728.0,-2.599999999999966,-3.5
299,Max Purcell,Daniel Altmaier,1012.0,891.0,263.0,269.3,125.7,131.0,121.0,-6.300000000000011,-5.299999999999997
300,Roberto Carballes Baena,Daniel Evans,816.0,1131.0,256.8,260.8,141.4,136.7,-315.0,-4.0,4.700000000000017
301,Roberto Carballes Baena,Tallon Griekspoor,816.0,1640.0,256.8,282.8,141.4,126.5,-824.0,-26.0,14.900000000000006
302,Daniel Evans,Alexei Popyrin,1131.0,1084.0,260.8,279.8,136.7,119.5,47.0,-19.0,17.19999999999999
303,Andrey Rublev,Holger Rune,4805.0,3460.0,279.4,271.9,146.7,139.5,1345.0,7.5,7.199999999999989
304,Holger Rune,Jannik Sinner,3460.0,5490.0,271.9,283.1,139.5,160.0,-2030.0,-11.200000000000045,-20.5
305,Andrey Rublev,Taylor Fritz,4805.0,3100.0,279.4,288.6,146.7,145.4,1705.0,-9.200000000000045,1.299999999999983
306,Jannik Sinner,Lorenzo Musetti,5490.0,1470.0,283.1,265.3,160.0,152.4,4020.0,17.80000000000001,7.599999999999994
307,Holger Rune,Daniil Medvedev,3460.0,7200.0,271.9,277.6,139.5,163.7,-3740.0,-5.7000000000000455,-24.19999999999999
308,Taylor Fritz,Stefanos Tsitsipas,3100.0,4235.0,288.6,292.0,145.4,133.5,-1135.0,-3.3999999999999773,11.900000000000006
309,Lorenzo Musetti,Novak Djokovic,1470.0,9945.0,265.3,292.2,152.4,158.4,-8475.0,-26.899999999999977,-6.0
310,Jannik Sinner,Hubert Hurkacz,5490.0,3245.0,283.1,295.5,160.0,124.6,2245.0,-12.399999999999977,35.400000000000006
311,Daniil Medvedev,Alexander Zverev,7200.0,3585.0,277.6,283.0,163.7,141.1,3615.0,-5.399999999999977,22.599999999999994
312,Andrey Rublev,Karen Khachanov,4805.0,2520.0,279.4,279.3,146.7,146.7,2285.0,0.0999999999999659,0.0
313,Taylor Fritz,Jiri Lehecka,3100.0,1372.0,288.6,272.4,145.4,131.2,1728.0,16.200000000000045,14.200000000000017
314,Stefanos Tsitsipas,Nicolas Jarry,4235.0,1810.0,292.0,290.6,133.5,131.2,2425.0,1.3999999999999773,2.3000000000000114
315,Daniil Medvedev,Lorenzo Sonego,7200.0,990.0,277.6,277.2,163.7,132.2,6210.0,0.4000000000000341,31.5
316,Alexander Zverev,Roberto Bautista Agut,3585.0,836.0,283.0,272.4,141.1,133.7,2749.0,10.600000000000023,7.400000000000006
317,Holger Rune,Dominic Thiem,3460.0,652.0,271.9,269.6,139.5,124.0,2808.0,2.2999999999999545,15.5
318,Andrey Rublev,Jaume Munar,4805.0,706.0,279.4,246.9,146.7,149.4,4099.0,32.49999999999997,-2.700000000000017
319,Taylor Fritz,Stan Wawrinka,3100.0,942.0,288.6,274.8,145.4,131.2,2158.0,13.800000000000011,14.200000000000017
320,Jiri Lehecka,Grigor Dimitrov,1372.0,2570.0,272.4,276.6,131.2,146.0,-1198.0,-4.2000000000000455,-14.800000000000011
321,Nicolas Jarry,Alexei Popyrin,1810.0,1084.0,290.6,279.8,131.2,119.5,726.0,10.800000000000011,11.699999999999989
322,Stefanos Tsitsipas,Benjamin Bonzi,4235.0,738.0,292.0,271.1,133.5,132.5,3497.0,20.899999999999977,1.0
323,Lorenzo Musetti,Miomir Kecmanovic,1470.0,905.0,265.3,262.9,152.4,140.8,565.0,2.400000000000034,11.599999999999994
324,Hubert Hurkacz,Laslo Djere,3245.0,1285.0,295.5,269.8,124.6,134.9,1960.0,25.69999999999999,-10.300000000000011
325,Lorenzo Sonego,Ugo Humbert,990.0,1765.0,277.2,268.1,132.2,136.0,-775.0,9.099999999999966,-3.8000000000000114
326,Alexander Zverev,Alexander Bublik,3585.0,1369.0,283.0,269.6,141.1,128.7,2216.0,13.399999999999977,12.400000000000006
327,Francisco Cerundolo,Cameron Norrie,1760.0,1940.0,256.9,270.6,151.6,147.0,-180.0,-13.700000000000045,4.599999999999994
328,Dominic Thiem,Richard Gasquet,652.0,735.0,269.6,252.4,124.0,139.2,-83.0,17.200000000000017,-15.199999999999989
329,Karen Khachanov,Alejandro Davidovich Fokina,2520.0,1495.0,279.3,264.1,146.7,154.6,1025.0,15.199999999999989,-7.900000000000006
330,Stan Wawrinka,Tallon Griekspoor,942.0,1640.0,274.8,282.8,131.2,126.5,-698.0,-8.0,4.699999999999989
331,Grigor Dimitrov,Ben Shelton,2570.0,2215.0,276.6,282.8,146.0,127.3,355.0,-6.199999999999989,18.700000000000003
332,Jiri Lehecka,Emil Ruusuvuori,1372.0,771.0,272.4,268.2,131.2,140.7,601.0,4.199999999999989,-9.5
333,Nicolas Jarry,Borna Coric,1810.0,1135.0,290.6,264.0,131.2,125.6,675.0,26.600000000000023,5.599999999999994
334,Alexei Popyrin,Dusan Lajovic,1084.0,994.0,279.8,260.1,119.5,144.7,90.0,19.69999999999999,-25.19999999999999
335,Benjamin Bonzi,Bernabe Zapata Miralles,738.0,715.0,271.1,242.8,132.5,153.3,23.0,28.30000000000001,-20.80000000000001
336,Carlos Alcaraz,Stefanos Tsitsipas,8455.0,4235.0,280.5,292.0,162.6,133.5,4220.0,-11.5,29.099999999999994
337,Carlos Alcaraz,Daniel Evans,8455.0,1131.0,280.5,260.8,162.6,136.7,7324.0,19.69999999999999,25.900000000000006
338,Stefanos Tsitsipas,Lorenzo Musetti,4235.0,1470.0,292.0,265.3,133.5,152.4,2765.0,26.69999999999999,-18.900000000000006
339,Carlos Alcaraz,Alejandro Davidovich Fokina,8455.0,1495.0,280.5,264.1,162.6,154.6,6960.0,16.399999999999977,8.0
340,Daniel Evans,Francisco Cerundolo,1131.0,1760.0,260.8,256.9,136.7,151.6,-629.0,3.900000000000034,-14.900000000000006
341,Lorenzo Musetti,Jannik Sinner,1470.0,5490.0,265.3,283.1,152.4,160.0,-4020.0,-17.80000000000001,-7.599999999999994
342,Carlos Alcaraz,Roberto Bautista Agut,8455.0,836.0,280.5,272.4,162.6,133.7,7619.0,8.100000000000023,28.900000000000006
343,Alejandro Davidovich Fokina,Emil Ruusuvuori,1495.0,771.0,264.1,268.2,154.6,140.7,724.0,-4.099999999999966,13.900000000000006
344,Francisco Cerundolo,Casper Ruud,1760.0,2825.0,256.9,276.0,151.6,141.1,-1065.0,-19.100000000000023,10.5
345,Daniel Evans,Karen Khachanov,1131.0,2520.0,260.8,279.3,136.7,146.7,-1389.0,-18.5,-10.0
346,Lorenzo Musetti,Cameron Norrie,1470.0,1940.0,265.3,270.6,152.4,147.0,-470.0,-5.300000000000011,5.400000000000006
347,Jannik Sinner,Yoshihito Nishioka,5490.0,955.0,283.1,258.0,160.0,137.9,4535.0,25.100000000000023,22.099999999999994
348,Roberto Bautista Agut,Bernabe Zapata Miralles,836.0,715.0,272.4,242.8,133.7,153.3,121.0,29.599999999999966,-19.600000000000023
349,Alejandro Davidovich Fokina,Tomas Martin Etcheverry,1495.0,1375.0,264.1,274.0,154.6,137.9,120.0,-9.899999999999977,16.69999999999999
350,Emil Ruusuvuori,Frances Tiafoe,771.0,2310.0,268.2,282.3,140.7,137.8,-1539.0,-14.100000000000023,2.8999999999999773
351,Casper Ruud,Ben Shelton,2825.0,2215.0,276.0,282.8,141.1,127.3,610.0,-6.800000000000011,13.799999999999997
352,Daniel Evans,Matteo Arnaldi,1131.0,1021.0,260.8,264.9,136.7,138.0,110.0,-4.099999999999966,-1.3000000000000114
353,Karen Khachanov,Nicolas Jarry,2520.0,1810.0,279.3,290.6,146.7,131.2,710.0,-11.300000000000011,15.5
354,Stefanos Tsitsipas,Pedro Cachin,4235.0,763.0,292.0,261.8,133.5,136.8,3472.0,30.19999999999999,-3.3000000000000114
355,Emil Ruusuvuori,Alexander Bublik,771.0,1369.0,268.2,269.6,140.7,128.7,-598.0,-1.400000000000034,12.0
356,Matteo Arnaldi,Jaume Munar,1021.0,706.0,264.9,246.9,138.0,149.4,315.0,17.99999999999997,-11.400000000000006
357,Holger Rune,Cristian Garin,3460.0,696.0,271.9,262.6,139.5,141.1,2764.0,9.299999999999955,-1.5999999999999943
358,Taylor Fritz,Dominic Thiem,3100.0,652.0,288.6,269.6,145.4,124.0,2448.0,19.0,21.400000000000006
359,Holger Rune,Yannick Hanfmann,3460.0,937.0,271.9,270.6,139.5,139.8,2523.0,1.2999999999999545,-0.30000000000001137
360,Cristian Garin,Lorenzo Sonego,696.0,990.0,262.6,277.2,141.1,132.2,-294.0,-14.599999999999966,8.900000000000006
361,Taylor Fritz,Marton Fucsovics,3100.0,912.0,288.6,259.6,145.4,145.6,2188.0,29.0,-0.19999999999998863
362,Lorenzo Sonego,Quentin Halys,990.0,640.0,277.2,288.5,132.2,122.7,350.0,-11.300000000000011,9.499999999999986
363,Marcos Giron,Roberto Carballes Baena,860.0,816.0,271.5,256.8,134.6,141.4,44.0,14.699999999999989,-6.800000000000011
364,Dusan Lajovic,Andrey Rublev,994.0,4805.0,260.1,279.4,144.7,146.7,-3811.0,-19.299999999999955,-2.0
365,Dusan Lajovic,Miomir Kecmanovic,994.0,905.0,260.1,262.9,144.7,140.8,89.0,-2.7999999999999545,3.8999999999999773
366,Dusan Lajovic,Novak Djokovic,994.0,9945.0,260.1,292.2,144.7,158.4,-8951.0,-32.099999999999966,-13.700000000000017
367,Miomir Kecmanovic,Jiri Lehecka,905.0,1372.0,262.9,272.4,140.8,131.2,-467.0,-9.5,9.600000000000023
368,Dusan Lajovic,Gregoire Barrere,994.0,708.0,260.1,269.1,144.7,131.9,286.0,-9.0,12.799999999999983
369,Laslo Djere,Borna Coric,1285.0,1135.0,269.8,264.0,134.9,125.6,150.0,5.800000000000011,9.300000000000011
370,Andrey Rublev,Juan Pablo Varillas,4805.0,780.0,279.4,254.2,146.7,145.4,4025.0,25.19999999999999,1.299999999999983
371,Alexei Popyrin,Tallon Griekspoor,1084.0,1640.0,279.8,282.8,119.5,126.5,-556.0,-3.0,-7.0
372,Laslo Djere,Roman Safiullin,1285.0,1122.0,269.8,272.5,134.9,145.3,163.0,-2.6999999999999886,-10.400000000000006
373,Carlos Alcaraz,Borna Coric,8455.0,1135.0,280.5,264.0,162.6,125.6,7320.0,16.5,37.0
374,Carlos Alcaraz,Karen Khachanov,8455.0,2520.0,280.5,279.3,162.6,146.7,5935.0,1.1999999999999886,15.900000000000006
375,Borna Coric,Daniel Altmaier,1135.0,891.0,264.0,269.3,125.6,131.0,244.0,-5.300000000000011,-5.400000000000006
376,Carlos Alcaraz,Alexander Zverev,8455.0,3585.0,280.5,283.0,162.6,141.1,4870.0,-2.5,21.5
377,Karen Khachanov,Andrey Rublev,2520.0,4805.0,279.3,279.4,146.7,146.7,-2285.0,-0.0999999999999659,0.0
378,Daniel Altmaier,Jaume Munar,891.0,706.0,269.3,246.9,131.0,149.4,185.0,22.400000000000006,-18.400000000000006
379,Borna Coric,Alejandro Davidovich Fokina,1135.0,1495.0,264.0,264.1,125.6,154.6,-360.0,-0.10000000000002274,-29.0
380,Stefanos Tsitsipas,Bernabe Zapata Miralles,4235.0,715.0,292.0,242.8,133.5,153.3,3520.0,49.19999999999999,-19.80000000000001
381,Zhizhen Zhang,Taylor Fritz,885.0,3100.0,272.2,288.6,135.2,145.4,-2215.0,-16.400000000000034,-10.200000000000017
382,Carlos Alcaraz,Grigor Dimitrov,8455.0,2570.0,280.5,276.6,162.6,146.0,5885.0,3.8999999999999773,16.599999999999994
383,Karen Khachanov,Roberto Bautista Agut,2520.0,836.0,279.3,272.4,146.7,133.7,1684.0,6.900000000000034,13.0
384,Andrey Rublev,Yoshihito Nishioka,4805.0,955.0,279.4,258.0,146.7,137.9,3850.0,21.399999999999977,8.799999999999983
385,Jaume Munar,Matteo Arnaldi,706.0,1021.0,246.9,264.9,149.4,138.0,-315.0,-17.99999999999997,11.400000000000006
386,Daniel Altmaier,Yannick Hanfmann,891.0,937.0,269.3,270.6,131.0,139.8,-46.0,-1.3000000000000114,-8.800000000000011
387,Borna Coric,Hubert Hurkacz,1135.0,3245.0,264.0,295.5,125.6,124.6,-2110.0,-31.5,1.0
388,Alejandro Davidovich Fokina,Holger Rune,1495.0,3460.0,264.1,271.9,154.6,139.5,-1965.0,-7.7999999999999545,15.099999999999994
389,Pedro Cachin,Frances Tiafoe,763.0,2310.0,261.8,282.3,136.8,137.8,-1547.0,-20.5,-1.0
390,Bernabe Zapata Miralles,Roman Safiullin,715.0,1122.0,242.8,272.5,153.3,145.3,-407.0,-29.69999999999999,8.0
391,Stefanos Tsitsipas,Sebastian Baez,4235.0,1435.0,292.0,265.1,133.5,150.9,2800.0,26.899999999999977,-17.400000000000006
392,Taylor Fritz,Cristian Garin,3100.0,696.0,288.6,262.6,145.4,141.1,2404.0,26.0,4.300000000000011
393,Zhizhen Zhang,Cameron Norrie,885.0,1940.0,272.2,270.6,135.2,147.0,-1055.0,1.599999999999966,-11.800000000000011
394,Carlos Alcaraz,Emil Ruusuvuori,8455.0,771.0,280.5,268.2,162.6,140.7,7684.0,12.300000000000011,21.900000000000006
395,Grigor Dimitrov,Gregoire Barrere,2570.0,708.0,276.6,269.1,146.0,131.9,1862.0,7.5,14.099999999999994
396,Alexander Zverev,Roberto Carballes Baena,3585.0,816.0,283.0,256.8,141.1,141.4,2769.0,26.19999999999999,-0.30000000000001137
397,Roberto Bautista Agut,Quentin Halys,836.0,640.0,272.4,288.5,133.7,122.7,196.0,-16.100000000000023,10.999999999999986
398,Andrey Rublev,Stan Wawrinka,4805.0,942.0,279.4,274.8,146.7,131.2,3863.0,4.599999999999966,15.5
399,Matteo Arnaldi,Casper Ruud,1021.0,2825.0,264.9,276.0,138.0,141.1,-1804.0,-11.100000000000023,-3.0999999999999943
400,Jaume Munar,Tallon Griekspoor,706.0,1640.0,246.9,282.8,149.4,126.5,-934.0,-35.900000000000006,22.900000000000006
401,Yannick Hanfmann,Lorenzo Musetti,937.0,1470.0,270.6,265.3,139.8,152.4,-533.0,5.300000000000011,-12.599999999999994
402,Hubert Hurkacz,Richard Gasquet,3245.0,735.0,295.5,252.4,124.6,139.2,2510.0,43.099999999999994,-14.599999999999994
403,Holger Rune,Alexander Bublik,3460.0,1369.0,271.9,269.6,139.5,128.7,2091.0,2.2999999999999545,10.800000000000011
404,Pedro Cachin,Francisco Cerundolo,763.0,1760.0,261.8,256.9,136.8,151.6,-997.0,4.900000000000034,-14.799999999999983
405,Frances Tiafoe,Tomas Martin Etcheverry,2310.0,1375.0,282.3,274.0,137.8,137.9,935.0,8.300000000000011,-0.09999999999999432
406,Roman Safiullin,Tommy Paul,1122.0,2665.0,272.5,273.2,145.3,143.3,-1543.0,-0.6999999999999886,2.0
407,Bernabe Zapata Miralles,Daniel Evans,715.0,1131.0,242.8,260.8,153.3,136.7,-416.0,-18.0,16.600000000000023
408,Sebastian Baez,Marcos Giron,1435.0,860.0,265.1,271.5,150.9,134.6,575.0,-6.399999999999977,16.30000000000001
409,Stefanos Tsitsipas,Dominic Thiem,4235.0,652.0,292.0,269.6,133.5,124.0,3583.0,22.399999999999977,9.5
410,Cristian Garin,Miomir Kecmanovic,696.0,905.0,262.6,262.9,141.1,140.8,-209.0,-0.2999999999999545,0.29999999999998295
411,Emil Ruusuvuori,Ugo Humbert,771.0,1765.0,268.2,268.1,140.7,136.0,-994.0,0.0999999999999659,4.699999999999989
412,Quentin Halys,Alexei Popyrin,640.0,1084.0,288.5,279.8,122.7,119.5,-444.0,8.699999999999989,3.200000000000003
413,Jaume Munar,Thanasi Kokkinakis,706.0,802.0,246.9,287.6,149.4,121.9,-96.0,-40.70000000000002,27.5
414,Yannick Hanfmann,Juan Pablo Varillas,937.0,780.0,270.6,254.2,139.8,145.4,157.0,16.400000000000034,-5.599999999999994
415,Tomas Martin Etcheverry,Adrian Mannarino,1375.0,1755.0,274.0,265.8,137.9,154.3,-380.0,8.199999999999989,-16.400000000000006
416,Roman Safiullin,Nicolas Jarry,1122.0,1810.0,272.5,290.6,145.3,131.2,-688.0,-18.100000000000023,14.100000000000023
417,Daniil Medvedev,Holger Rune,7200.0,3460.0,277.6,271.9,163.7,139.5,3740.0,5.7000000000000455,24.19999999999999
418,Holger Rune,Casper Ruud,3460.0,2825.0,271.9,276.0,139.5,141.1,635.0,-4.100000000000023,-1.5999999999999943
419,Daniil Medvedev,Stefanos Tsitsipas,7200.0,4235.0,277.6,292.0,163.7,133.5,2965.0,-14.399999999999977,30.19999999999999
420,Holger Rune,Novak Djokovic,3460.0,9945.0,271.9,292.2,139.5,158.4,-6485.0,-20.30000000000001,-18.900000000000006
421,Casper Ruud,Francisco Cerundolo,2825.0,1760.0,276.0,256.9,141.1,151.6,1065.0,19.100000000000023,-10.5
422,Daniil Medvedev,Yannick Hanfmann,7200.0,937.0,277.6,270.6,163.7,139.8,6263.0,7.0,23.899999999999977
423,Stefanos Tsitsipas,Borna Coric,4235.0,1135.0,292.0,264.0,133.5,125.6,3100.0,28.0,7.900000000000006
424,Novak Djokovic,Cameron Norrie,9945.0,1940.0,292.2,270.6,158.4,147.0,8005.0,21.599999999999966,11.400000000000006
425,Holger Rune,Alexei Popyrin,3460.0,1084.0,271.9,279.8,139.5,119.5,2376.0,-7.900000000000034,20.0
426,Casper Ruud,Laslo Djere,2825.0,1285.0,276.0,269.8,141.1,134.9,1540.0,6.199999999999989,6.199999999999989
427,Francisco Cerundolo,Jannik Sinner,1760.0,5490.0,256.9,283.1,151.6,160.0,-3730.0,-26.200000000000045,-8.400000000000006
428,Yannick Hanfmann,Andrey Rublev,937.0,4805.0,270.6,279.4,139.8,146.7,-3868.0,-8.799999999999955,-6.899999999999977
429,Daniil Medvedev,Alexander Zverev,7200.0,3585.0,277.6,283.0,163.7,141.1,3615.0,-5.399999999999977,22.599999999999994
430,Stefanos Tsitsipas,Lorenzo Musetti,4235.0,1470.0,292.0,265.3,133.5,152.4,2765.0,26.69999999999999,-18.900000000000006
431,Novak Djokovic,Grigor Dimitrov,9945.0,2570.0,292.2,276.6,158.4,146.0,7375.0,15.599999999999966,12.400000000000006
432,Cameron Norrie,Marton Fucsovics,1940.0,912.0,270.6,259.6,147.0,145.6,1028.0,11.0,1.4000000000000057
433,Alexei Popyrin,Roman Safiullin,1084.0,1122.0,279.8,272.5,119.5,145.3,-38.0,7.300000000000011,-25.80000000000001
434,Casper Ruud,Alexander Bublik,2825.0,1369.0,276.0,269.6,141.1,128.7,1456.0,6.399999999999977,12.400000000000006
435,Laslo Djere,Cristian Garin,1285.0,696.0,269.8,262.6,134.9,141.1,589.0,7.199999999999989,-6.199999999999989
436,Francisco Cerundolo,Gregoire Barrere,1760.0,708.0,256.9,269.1,151.6,131.9,1052.0,-12.200000000000045,19.69999999999999
437,Andrey Rublev,Alejandro Davidovich Fokina,4805.0,1495.0,279.4,264.1,146.7,154.6,3310.0,15.299999999999955,-7.900000000000006
438,Daniil Medvedev,Bernabe Zapata Miralles,7200.0,715.0,277.6,242.8,163.7,153.3,6485.0,34.80000000000001,10.399999999999977
439,Stefanos Tsitsipas,Lorenzo Sonego,4235.0,990.0,292.0,277.2,133.5,132.2,3245.0,14.800000000000011,1.3000000000000114
440,Lorenzo Musetti,Frances Tiafoe,1470.0,2310.0,265.3,282.3,152.4,137.8,-840.0,-17.0,14.599999999999994
441,Borna Coric,Roberto Carballes Baena,1135.0,816.0,264.0,256.8,125.6,141.4,319.0,7.199999999999989,-15.800000000000011
442,Novak Djokovic,Tomas Martin Etcheverry,9945.0,1375.0,292.2,274.0,158.4,137.9,8570.0,18.19999999999999,20.5
443,Grigor Dimitrov,Stan Wawrinka,2570.0,942.0,276.6,274.8,146.0,131.2,1628.0,1.8000000000000114,14.800000000000011
444,Roman Safiullin,Sebastian Korda,1122.0,1530.0,272.5,281.2,145.3,137.7,-408.0,-8.699999999999989,7.600000000000023
445,Holger Rune,Arthur Fils,3460.0,1162.0,271.9,267.1,139.5,135.6,2298.0,4.7999999999999545,3.9000000000000057
446,Casper Ruud,Arthur Rinderknech,2825.0,656.0,276.0,275.1,141.1,125.0,2169.0,0.8999999999999773,16.099999999999994
447,Alexander Bublik,Ben Shelton,1369.0,2215.0,269.6,282.8,128.7,127.3,-846.0,-13.199999999999989,1.3999999999999915
448,Cristian Garin,Tommy Paul,696.0,2665.0,262.6,273.2,141.1,143.3,-1969.0,-10.599999999999966,-2.200000000000017
449,Gregoire Barrere,Karen Khachanov,708.0,2520.0,269.1,279.3,131.9,146.7,-1812.0,-10.199999999999989,-14.799999999999983
450,Jannik Sinner,Thanasi Kokkinakis,5490.0,802.0,283.1,287.6,160.0,121.9,4688.0,-4.5,38.099999999999994
451,Yannick Hanfmann,Taylor Fritz,937.0,3100.0,270.6,288.6,139.8,145.4,-2163.0,-18.0,-5.599999999999994
452,Daniil Medvedev,Emil Ruusuvuori,7200.0,771.0,277.6,268.2,163.7,140.7,6429.0,9.400000000000034,23.0
453,Lorenzo Sonego,Yoshihito Nishioka,990.0,955.0,277.2,258.0,132.2,137.9,35.0,19.19999999999999,-5.700000000000017
454,Lorenzo Musetti,Matteo Arnaldi,1470.0,1021.0,265.3,264.9,152.4,138.0,449.0,0.4000000000000341,14.400000000000006
455,Frances Tiafoe,Daniel Altmaier,2310.0,891.0,282.3,269.3,137.8,131.0,1419.0,13.0,6.800000000000011
456,Roberto Carballes Baena,Daniel Evans,816.0,1131.0,256.8,260.8,141.4,136.7,-315.0,-4.0,4.700000000000017
457,Roman Safiullin,Marcos Giron,1122.0,860.0,272.5,271.5,145.3,134.6,262.0,1.0,10.700000000000017
458,Cristian Garin,Pedro Cachin,696.0,763.0,262.6,261.8,141.1,136.8,-67.0,0.8000000000000114,4.299999999999983
459,Sebastian Baez,Juan Pablo Varillas,1435.0,780.0,265.1,254.2,150.9,145.4,655.0,10.900000000000034,5.5
460,Thanasi Kokkinakis,Jaume Munar,802.0,706.0,287.6,246.9,121.9,149.4,96.0,40.70000000000002,-27.5
461,Yannick Hanfmann,Nicolas Jarry,937.0,1810.0,270.6,290.6,139.8,131.2,-873.0,-20.0,8.600000000000023
462,Emil Ruusuvuori,Ugo Humbert,771.0,1765.0,268.2,268.1,140.7,136.0,-994.0,0.0999999999999659,4.699999999999989
463,Nicolas Jarry,Grigor Dimitrov,1810.0,2570.0,290.6,276.6,131.2,146.0,-760.0,14.0,-14.800000000000011
464,Nicolas Jarry,Alexander Zverev,1810.0,3585.0,290.6,283.0,131.2,141.1,-1775.0,7.600000000000023,-9.900000000000006
465,Grigor Dimitrov,Taylor Fritz,2570.0,3100.0,276.6,288.6,146.0,145.4,-530.0,-12.0,0.5999999999999943
466,Nicolas Jarry,Casper Ruud,1810.0,2825.0,290.6,276.0,131.2,141.1,-1015.0,14.600000000000023,-9.900000000000006
467,Nicolas Jarry,Tallon Griekspoor,1810.0,1640.0,290.6,282.8,131.2,126.5,170.0,7.800000000000011,4.699999999999989
468,Alexander Zverev,Christopher Eubanks,3585.0,1253.0,283.0,289.7,141.1,114.6,2332.0,-6.699999999999989,26.5
469,Grigor Dimitrov,Roberto Carballes Baena,2570.0,816.0,276.6,256.8,146.0,141.4,1754.0,19.80000000000001,4.599999999999994
470,Taylor Fritz,Marcos Giron,3100.0,860.0,288.6,271.5,145.4,134.6,2240.0,17.100000000000023,10.800000000000011
471,Nicolas Jarry,Dusan Lajovic,1810.0,994.0,290.6,260.1,131.2,144.7,816.0,30.5,-13.5
472,Marcos Giron,Alexander Bublik,860.0,1369.0,271.5,269.6,134.6,128.7,-509.0,1.8999999999999773,5.900000000000006
473,Arthur Fils,Francisco Cerundolo,1162.0,1760.0,267.1,256.9,135.6,151.6,-598.0,10.200000000000045,-16.0
474,Francisco Cerundolo,Cameron Norrie,1760.0,1940.0,256.9,270.6,151.6,147.0,-180.0,-13.700000000000045,4.599999999999994
475,Cameron Norrie,Sebastian Baez,1940.0,1435.0,270.6,265.1,147.0,150.9,505.0,5.5,-3.9000000000000057
476,Tommy Paul,Gregoire Barrere,2665.0,708.0,273.2,269.1,143.3,131.9,1957.0,4.099999999999966,11.400000000000006
477,Francisco Cerundolo,Juan Pablo Varillas,1760.0,780.0,256.9,254.2,151.6,145.4,980.0,2.6999999999999886,6.199999999999989
478,Sebastian Baez,Pedro Cachin,1435.0,763.0,265.1,261.8,150.9,136.8,672.0,3.3000000000000114,14.099999999999994
479,Arthur Fils,Zhizhen Zhang,1162.0,885.0,267.1,272.2,135.6,135.2,277.0,-5.099999999999966,0.4000000000000057
480,Sebastian Baez,Marton Fucsovics,1435.0,912.0,265.1,259.6,150.9,145.6,523.0,5.5,5.300000000000011
481,Alejandro Davidovich Fokina,Arthur Fils,1495.0,1162.0,264.1,267.1,154.6,135.6,333.0,-3.0,19.0
482,Thanasi Kokkinakis,Daniel Evans,802.0,1131.0,287.6,260.8,121.9,136.7,-329.0,26.80000000000001,-14.799999999999983
483,Lorenzo Sonego,Ben Shelton,990.0,2215.0,277.2,282.8,132.2,127.3,-1225.0,-5.600000000000023,4.8999999999999915
484,Ugo Humbert,Adrian Mannarino,1765.0,1755.0,268.1,265.8,136.0,154.3,10.0,2.3000000000000114,-18.30000000000001
485,Andrey Rublev,Laslo Djere,4805.0,1285.0,279.4,269.8,146.7,134.9,3520.0,9.599999999999966,11.799999999999983
486,Holger Rune,Christopher Eubanks,3460.0,1253.0,271.9,289.7,139.5,114.6,2207.0,-17.80000000000001,24.900000000000006
487,Francisco Cerundolo,Jaume Munar,1760.0,706.0,256.9,246.9,151.6,149.4,1054.0,9.999999999999972,2.1999999999999886
488,Arthur Rinderknech,Richard Gasquet,656.0,735.0,275.1,252.4,125.0,139.2,-79.0,22.700000000000017,-14.199999999999989
489,Zhizhen Zhang,Dusan Lajovic,885.0,994.0,272.2,260.1,135.2,144.7,-109.0,12.099999999999966,-9.5
490,Emil Ruusuvuori,Gregoire Barrere,771.0,708.0,268.2,269.1,140.7,131.9,63.0,-0.9000000000000341,8.799999999999983
491,Pedro Cachin,Dominic Thiem,763.0,652.0,261.8,269.6,136.8,124.0,111.0,-7.800000000000011,12.800000000000011
492,Max Purcell,Jordan Thompson,1012.0,902.0,263.0,280.4,125.7,125.8,110.0,-17.399999999999977,-0.09999999999999432
493,Sebastian Ofner,Sebastian Korda,1048.0,1530.0,248.6,281.2,143.4,137.7,-482.0,-32.599999999999994,5.700000000000017
494,Stefanos Tsitsipas,Roberto Carballes Baena,4235.0,816.0,292.0,256.8,133.5,141.4,3419.0,35.19999999999999,-7.900000000000006
495,Novak Djokovic,Marton Fucsovics,9945.0,912.0,292.2,259.6,158.4,145.6,9033.0,32.599999999999966,12.800000000000011
496,Juan Pablo Varillas,Roberto Bautista Agut,780.0,836.0,254.2,272.4,145.4,133.7,-56.0,-18.19999999999999,11.700000000000017
497,Hubert Hurkacz,Tallon Griekspoor,3245.0,1640.0,295.5,282.8,124.6,126.5,1605.0,12.699999999999989,-1.9000000000000057
498,Thanasi Kokkinakis,Stan Wawrinka,802.0,942.0,287.6,274.8,121.9,131.2,-140.0,12.800000000000011,-9.299999999999983
499,Lorenzo Sonego,Ugo Humbert,990.0,1765.0,277.2,268.1,132.2,136.0,-775.0,9.099999999999966,-3.8000000000000114
500,Francisco Cerundolo,Yannick Hanfmann,1760.0,937.0,256.9,270.6,151.6,139.8,823.0,-13.700000000000045,11.799999999999983
501,Taylor Fritz,Arthur Rinderknech,3100.0,656.0,288.6,275.1,145.4,125.0,2444.0,13.5,20.400000000000006
502,Nicolas Jarry,Tommy Paul,1810.0,2665.0,290.6,273.2,131.2,143.3,-855.0,17.400000000000034,-12.100000000000023
503,Marcos Giron,Jiri Lehecka,860.0,1372.0,271.5,272.4,134.6,131.2,-512.0,-0.8999999999999773,3.4000000000000057
504,Daniel Altmaier,Jannik Sinner,891.0,5490.0,269.3,283.1,131.0,160.0,-4599.0,-13.800000000000011,-29.0
505,Grigor Dimitrov,Emil Ruusuvuori,2570.0,771.0,276.6,268.2,146.0,140.7,1799.0,8.400000000000034,5.300000000000011
506,Borna Coric,Pedro Cachin,1135.0,763.0,264.0,261.8,125.6,136.8,372.0,2.1999999999999886,-11.200000000000017
507,Yoshihito Nishioka,Max Purcell,955.0,1012.0,258.0,263.0,137.9,125.7,-57.0,-5.0,12.200000000000003
508,Lorenzo Musetti,Cameron Norrie,1470.0,1940.0,265.3,270.6,152.4,147.0,-470.0,-5.300000000000011,5.400000000000006
509,Novak Djokovic,Alejandro Davidovich Fokina,9945.0,1495.0,292.2,264.1,158.4,154.6,8450.0,28.099999999999966,3.8000000000000114
510,Juan Pablo Varillas,Hubert Hurkacz,780.0,3245.0,254.2,295.5,145.4,124.6,-2465.0,-41.30000000000001,20.80000000000001
511,Karen Khachanov,Thanasi Kokkinakis,2520.0,802.0,279.3,287.6,146.7,121.9,1718.0,-8.300000000000011,24.799999999999983
512,Lorenzo Sonego,Andrey Rublev,990.0,4805.0,277.2,279.4,132.2,146.7,-3815.0,-2.1999999999999886,-14.5
513,Francisco Cerundolo,Taylor Fritz,1760.0,3100.0,256.9,288.6,151.6,145.4,-1340.0,-31.700000000000045,6.199999999999989
514,Nicolas Jarry,Marcos Giron,1810.0,860.0,290.6,271.5,131.2,134.6,950.0,19.100000000000023,-3.4000000000000057
515,Casper Ruud,Zhizhen Zhang,2825.0,885.0,276.0,272.2,141.1,135.2,1940.0,3.8000000000000114,5.900000000000006
516,Grigor Dimitrov,Daniel Altmaier,2570.0,891.0,276.6,269.3,146.0,131.0,1679.0,7.300000000000011,15.0
517,Alexander Zverev,Frances Tiafoe,3585.0,2310.0,283.0,282.3,141.1,137.8,1275.0,0.6999999999999886,3.299999999999983
518,Tomas Martin Etcheverry,Borna Coric,1375.0,1135.0,274.0,264.0,137.9,125.6,240.0,10.0,12.300000000000011
519,Carlos Alcaraz,Lorenzo Musetti,8455.0,1470.0,280.5,265.3,162.6,152.4,6985.0,15.199999999999989,10.199999999999989
520,Stefanos Tsitsipas,Sebastian Ofner,4235.0,1048.0,292.0,248.6,133.5,143.4,3187.0,43.400000000000006,-9.900000000000006
521,Novak Djokovic,Juan Pablo Varillas,9945.0,780.0,292.2,254.2,158.4,145.4,9165.0,38.0,13.0
522,Karen Khachanov,Lorenzo Sonego,2520.0,990.0,279.3,277.2,146.7,132.2,1530.0,2.1000000000000227,14.5
523,Holger Rune,Francisco Cerundolo,3460.0,1760.0,271.9,256.9,139.5,151.6,1700.0,15.0,-12.099999999999994
524,Casper Ruud,Nicolas Jarry,2825.0,1810.0,276.0,290.6,141.1,131.2,1015.0,-14.600000000000023,9.900000000000006
525,Alexander Zverev,Grigor Dimitrov,3585.0,2570.0,283.0,276.6,141.1,146.0,1015.0,6.399999999999977,-4.900000000000006
526,Tomas Martin Etcheverry,Yoshihito Nishioka,1375.0,955.0,274.0,258.0,137.9,137.9,420.0,16.0,0.0
527,Carlos Alcaraz,Stefanos Tsitsipas,8455.0,4235.0,280.5,292.0,162.6,133.5,4220.0,-11.5,29.099999999999994
528,Novak Djokovic,Karen Khachanov,9945.0,2520.0,292.2,279.3,158.4,146.7,7425.0,12.899999999999977,11.700000000000017
529,Casper Ruud,Holger Rune,2825.0,3460.0,276.0,271.9,141.1,139.5,-635.0,4.100000000000023,1.5999999999999943
530,Alexander Zverev,Tomas Martin Etcheverry,3585.0,1375.0,283.0,274.0,141.1,137.9,2210.0,9.0,3.1999999999999886
531,Novak Djokovic,Carlos Alcaraz,9945.0,8455.0,292.2,280.5,158.4,162.6,1490.0,11.699999999999989,-4.199999999999989
532,Casper Ruud,Alexander Zverev,2825.0,3585.0,276.0,283.0,141.1,141.1,-760.0,-7.0,0.0
533,Novak Djokovic,Casper Ruud,9945.0,2825.0,292.2,276.0,158.4,141.1,7120.0,16.19999999999999,17.30000000000001
534,Tallon Griekspoor,Jordan Thompson,1640.0,902.0,282.8,280.4,126.5,125.8,738.0,2.400000000000034,0.7000000000000028
535,Tallon Griekspoor,Emil Ruusuvuori,1640.0,771.0,282.8,268.2,126.5,140.7,869.0,14.600000000000023,-14.199999999999989
536,Jordan Thompson,Adrian Mannarino,902.0,1755.0,280.4,265.8,125.8,154.3,-853.0,14.599999999999966,-28.500000000000014
537,Emil Ruusuvuori,Jannik Sinner,771.0,5490.0,268.2,283.1,140.7,160.0,-4719.0,-14.900000000000034,-19.30000000000001
538,Adrian Mannarino,Daniil Medvedev,1755.0,7200.0,265.8,277.6,154.3,163.7,-5445.0,-11.800000000000011,-9.399999999999977
539,Tallon Griekspoor,Alexei Popyrin,1640.0,1084.0,282.8,279.8,126.5,119.5,556.0,3.0,7.0
540,Emil Ruusuvuori,Ugo Humbert,771.0,1765.0,268.2,268.1,140.7,136.0,-994.0,0.0999999999999659,4.699999999999989
541,Jannik Sinner,Alexander Bublik,5490.0,1369.0,283.1,269.6,160.0,128.7,4121.0,13.5,31.30000000000001
542,Adrian Mannarino,Arthur Fils,1755.0,1162.0,265.8,267.1,154.3,135.6,593.0,-1.3000000000000114,18.700000000000017
543,Alexei Popyrin,Arthur Rinderknech,1084.0,656.0,279.8,275.1,119.5,125.0,428.0,4.699999999999989,-5.5
544,Frances Tiafoe,Marton Fucsovics,2310.0,912.0,282.3,259.6,137.8,145.6,1398.0,22.69999999999999,-7.799999999999983
545,Frances Tiafoe,Lorenzo Musetti,2310.0,1470.0,282.3,265.3,137.8,152.4,840.0,17.0,-14.599999999999994
546,Marton Fucsovics,Taylor Fritz,912.0,3100.0,259.6,288.6,145.6,145.4,-2188.0,-29.0,0.19999999999998863
547,Richard Gasquet,Stefanos Tsitsipas,735.0,4235.0,252.4,292.0,139.2,133.5,-3500.0,-39.599999999999994,5.699999999999989
548,Lorenzo Musetti,Gregoire Barrere,1470.0,708.0,265.3,269.1,152.4,131.9,762.0,-3.8000000000000114,20.5
549,Frances Tiafoe,Jiri Lehecka,2310.0,1372.0,282.3,272.4,137.8,131.2,938.0,9.900000000000034,6.600000000000023
550,Richard Gasquet,Christopher Eubanks,735.0,1253.0,252.4,289.7,139.2,114.6,-518.0,-37.29999999999998,24.599999999999994
551,Tommy Paul,Benjamin Bonzi,2665.0,738.0,273.2,271.1,143.3,132.5,1927.0,2.099999999999966,10.800000000000011
552,Jiri Lehecka,Marcos Giron,1372.0,860.0,272.4,271.5,131.2,134.6,512.0,0.8999999999999773,-3.4000000000000057
553,Alexander Bublik,Andrey Rublev,1369.0,4805.0,269.6,279.4,128.7,146.7,-3436.0,-9.799999999999955,-18.0
554,Andrey Rublev,Roberto Bautista Agut,4805.0,836.0,279.4,272.4,146.7,133.7,3969.0,7.0,13.0
555,Alexander Bublik,Alexander Zverev,1369.0,3585.0,269.6,283.0,128.7,141.1,-2216.0,-13.399999999999977,-12.400000000000006
556,Roberto Bautista Agut,Daniil Medvedev,836.0,7200.0,272.4,277.6,133.7,163.7,-6364.0,-5.2000000000000455,-30.0
557,Andrey Rublev,Tallon Griekspoor,4805.0,1640.0,279.4,282.8,146.7,126.5,3165.0,-3.400000000000034,20.19999999999999
558,Alexander Bublik,Jannik Sinner,1369.0,5490.0,269.6,283.1,128.7,160.0,-4121.0,-13.5,-31.30000000000001
559,Alexander Zverev,Nicolas Jarry,3585.0,1810.0,283.0,290.6,141.1,131.2,1775.0,-7.600000000000023,9.900000000000006
560,Daniil Medvedev,Laslo Djere,7200.0,1285.0,277.6,269.8,163.7,134.9,5915.0,7.800000000000011,28.799999999999983
561,Andrey Rublev,Yannick Hanfmann,4805.0,937.0,279.4,270.6,146.7,139.8,3868.0,8.799999999999955,6.899999999999977
562,Tallon Griekspoor,Hubert Hurkacz,1640.0,3245.0,282.8,295.5,126.5,124.6,-1605.0,-12.699999999999989,1.9000000000000057
563,Jannik Sinner,Lorenzo Sonego,5490.0,990.0,283.1,277.2,160.0,132.2,4500.0,5.900000000000034,27.80000000000001
564,Nicolas Jarry,Stefanos Tsitsipas,1810.0,4235.0,290.6,292.0,131.2,133.5,-2425.0,-1.3999999999999773,-2.3000000000000114
565,Daniil Medvedev,Marcos Giron,7200.0,860.0,277.6,271.5,163.7,134.6,6340.0,6.100000000000023,29.099999999999994
566,Tallon Griekspoor,Roberto Carballes Baena,1640.0,816.0,282.8,256.8,126.5,141.4,824.0,26.0,-14.900000000000006
567,Hubert Hurkacz,Christopher Eubanks,3245.0,1253.0,295.5,289.7,124.6,114.6,1992.0,5.800000000000011,10.0
568,Alexander Bublik,Borna Coric,1369.0,1135.0,269.6,264.0,128.7,125.6,234.0,5.600000000000023,3.0999999999999943
569,Jannik Sinner,Richard Gasquet,5490.0,735.0,283.1,252.4,160.0,139.2,4755.0,30.700000000000017,20.80000000000001
570,Alexander Zverev,Dominic Thiem,3585.0,652.0,283.0,269.6,141.1,124.0,2933.0,13.399999999999977,17.099999999999994
571,Stefanos Tsitsipas,Gregoire Barrere,4235.0,708.0,292.0,269.1,133.5,131.9,3527.0,22.899999999999977,1.5999999999999943
572,Carlos Alcaraz,Sebastian Korda,8455.0,1530.0,280.5,281.2,162.6,137.7,6925.0,-0.6999999999999886,24.900000000000006
573,Carlos Alcaraz,Grigor Dimitrov,8455.0,2570.0,280.5,276.6,162.6,146.0,5885.0,3.8999999999999773,16.599999999999994
574,Sebastian Korda,Cameron Norrie,1530.0,1940.0,281.2,270.6,137.7,147.0,-410.0,10.599999999999966,-9.300000000000011
575,Holger Rune,Lorenzo Musetti,3460.0,1470.0,271.9,265.3,139.5,152.4,1990.0,6.599999999999966,-12.900000000000006
576,Carlos Alcaraz,Jiri Lehecka,8455.0,1372.0,280.5,272.4,162.6,131.2,7083.0,8.100000000000023,31.400000000000006
577,Grigor Dimitrov,Francisco Cerundolo,2570.0,1760.0,276.6,256.9,146.0,151.6,810.0,19.700000000000045,-5.599999999999994
578,Sebastian Korda,Frances Tiafoe,1530.0,2310.0,281.2,282.3,137.7,137.8,-780.0,-1.1000000000000227,-0.10000000000002274
579,Cameron Norrie,Jordan Thompson,1940.0,902.0,270.6,280.4,147.0,125.8,1038.0,-9.799999999999955,21.200000000000003
580,Adrian Mannarino,Taylor Fritz,1755.0,3100.0,265.8,288.6,154.3,145.4,-1345.0,-22.80000000000001,8.900000000000006
581,Lorenzo Musetti,Ben Shelton,1470.0,2215.0,265.3,282.8,152.4,127.3,-745.0,-17.5,25.10000000000001
582,Carlos Alcaraz,Arthur Rinderknech,8455.0,656.0,280.5,275.1,162.6,125.0,7799.0,5.399999999999977,37.599999999999994
583,Jiri Lehecka,Alejandro Davidovich Fokina,1372.0,1495.0,272.4,264.1,131.2,154.6,-123.0,8.299999999999955,-23.400000000000006
584,Grigor Dimitrov,Emil Ruusuvuori,2570.0,771.0,276.6,268.2,146.0,140.7,1799.0,8.400000000000034,5.300000000000011
585,Francisco Cerundolo,Tommy Paul,1760.0,2665.0,256.9,273.2,151.6,143.3,-905.0,-16.30000000000001,8.299999999999983
586,Sebastian Korda,Daniel Evans,1530.0,1131.0,281.2,260.8,137.7,136.7,399.0,20.399999999999977,1.0
587,Jordan Thompson,Alexei Popyrin,902.0,1084.0,280.4,279.8,125.8,119.5,-182.0,0.5999999999999659,6.299999999999997
588,Cameron Norrie,Miomir Kecmanovic,1940.0,905.0,270.6,262.9,147.0,140.8,1035.0,7.7000000000000455,6.199999999999989
589,Taylor Fritz,Bernabe Zapata Miralles,3100.0,715.0,288.6,242.8,145.4,153.3,2385.0,45.80000000000001,-7.900000000000006
590,Christopher Eubanks,Adrian Mannarino,1253.0,1755.0,289.7,265.8,114.6,154.3,-502.0,23.899999999999977,-39.70000000000002
591,Adrian Mannarino,Yannick Hanfmann,1755.0,937.0,265.8,270.6,154.3,139.8,818.0,-4.800000000000011,14.5
592,Christopher Eubanks,Arthur Rinderknech,1253.0,656.0,289.7,275.1,114.6,125.0,597.0,14.599999999999966,-10.400000000000006
593,Yannick Hanfmann,Stefanos Tsitsipas,937.0,4235.0,270.6,292.0,139.8,133.5,-3298.0,-21.399999999999977,6.300000000000011
594,Christopher Eubanks,Ben Shelton,1253.0,2215.0,289.7,282.8,114.6,127.3,-962.0,6.899999999999977,-12.700000000000003
595,Yannick Hanfmann,Pedro Cachin,937.0,763.0,270.6,261.8,139.8,136.8,174.0,8.800000000000011,3.0
596,Jordan Thompson,Richard Gasquet,902.0,735.0,280.4,252.4,125.8,139.2,167.0,27.99999999999997,-13.399999999999991
597,Francisco Cerundolo,Tommy Paul,1760.0,2665.0,256.9,273.2,151.6,143.3,-905.0,-16.30000000000001,8.299999999999983
598,Tommy Paul,Gregoire Barrere,2665.0,708.0,273.2,269.1,143.3,131.9,1957.0,4.099999999999966,11.400000000000006
599,Francisco Cerundolo,Zhizhen Zhang,1760.0,885.0,256.9,272.2,151.6,135.2,875.0,-15.300000000000011,16.400000000000006
600,Gregoire Barrere,Miomir Kecmanovic,708.0,905.0,269.1,262.9,131.9,140.8,-197.0,6.2000000000000455,-8.900000000000006
601,Gregoire Barrere,Nicolas Jarry,708.0,1810.0,269.1,290.6,131.9,131.2,-1102.0,-21.5,0.700000000000017
602,Tommy Paul,Sebastian Baez,2665.0,1435.0,273.2,265.1,143.3,150.9,1230.0,8.099999999999966,-7.599999999999994
603,Zhizhen Zhang,Lorenzo Sonego,885.0,990.0,272.2,277.2,135.2,132.2,-105.0,-5.0,3.0
604,Gregoire Barrere,Emil Ruusuvuori,708.0,771.0,269.1,268.2,131.9,140.7,-63.0,0.9000000000000341,-8.799999999999983
605,Alejandro Davidovich Fokina,Arthur Fils,1495.0,1162.0,264.1,267.1,154.6,135.6,333.0,-3.0,19.0
606,Roberto Carballes Baena,Matteo Arnaldi,816.0,1021.0,256.8,264.9,141.4,138.0,-205.0,-8.099999999999966,3.4000000000000057
607,Marton Fucsovics,Tallon Griekspoor,912.0,1640.0,259.6,282.8,145.6,126.5,-728.0,-23.19999999999999,19.099999999999994
608,Jiri Lehecka,Sebastian Ofner,1372.0,1048.0,272.4,248.6,131.2,143.4,324.0,23.799999999999983,-12.200000000000017
609,Stefanos Tsitsipas,Dominic Thiem,4235.0,652.0,292.0,269.6,133.5,124.0,3583.0,22.399999999999977,9.5
610,Quentin Halys,Daniel Evans,640.0,1131.0,288.5,260.8,122.7,136.7,-491.0,27.69999999999999,-13.999999999999986
611,Taylor Fritz,Yannick Hanfmann,3100.0,937.0,288.6,270.6,145.4,139.8,2163.0,18.0,5.599999999999994
612,Roman Safiullin,Roberto Bautista Agut,1122.0,836.0,272.5,272.4,145.3,133.7,286.0,0.10000000000002274,11.600000000000023
613,Andrey Rublev,Max Purcell,4805.0,1012.0,279.4,263.0,146.7,125.7,3793.0,16.399999999999977,20.999999999999986
614,Lorenzo Musetti,Juan Pablo Varillas,1470.0,780.0,265.3,254.2,152.4,145.4,690.0,11.100000000000023,7.0
615,Tomas Martin Etcheverry,Bernabe Zapata Miralles,1375.0,715.0,274.0,242.8,137.9,153.3,660.0,31.19999999999999,-15.400000000000006
616,Stan Wawrinka,Emil Ruusuvuori,942.0,771.0,274.8,268.2,131.2,140.7,171.0,6.600000000000023,-9.5
617,Novak Djokovic,Pedro Cachin,9945.0,763.0,292.2,261.8,158.4,136.8,9182.0,30.399999999999977,21.599999999999994
618,Holger Rune,Roberto Carballes Baena,3460.0,816.0,271.9,256.8,139.5,141.4,2644.0,15.099999999999966,-1.9000000000000057
619,Daniil Medvedev,Adrian Mannarino,7200.0,1755.0,277.6,265.8,163.7,154.3,5445.0,11.800000000000011,9.399999999999977
620,Marton Fucsovics,Marcos Giron,912.0,860.0,259.6,271.5,145.6,134.6,52.0,-11.899999999999977,11.0
621,Jiri Lehecka,Francisco Cerundolo,1372.0,1760.0,272.4,256.9,131.2,151.6,-388.0,15.5,-20.400000000000006
622,Christopher Eubanks,Cameron Norrie,1253.0,1940.0,289.7,270.6,114.6,147.0,-687.0,19.099999999999966,-32.400000000000006
623,Laslo Djere,Ben Shelton,1285.0,2215.0,269.8,282.8,134.9,127.3,-930.0,-13.0,7.6000000000000085
624,Stefanos Tsitsipas,Andy Murray,4235.0,1050.0,292.0,266.5,133.5,129.6,3185.0,25.5,3.9000000000000057
625,Lorenzo Musetti,Jaume Munar,1470.0,706.0,265.3,246.9,152.4,149.4,764.0,18.400000000000006,3.0
626,Stan Wawrinka,Tomas Martin Etcheverry,942.0,1375.0,274.8,274.0,131.2,137.9,-433.0,0.8000000000000114,-6.700000000000017
627,Novak Djokovic,Jordan Thompson,9945.0,902.0,292.2,280.4,158.4,125.8,9043.0,11.800000000000011,32.60000000000001
628,Carlos Alcaraz,Nicolas Jarry,8455.0,1810.0,280.5,290.6,162.6,131.2,6645.0,-10.100000000000023,31.400000000000006
629,Grigor Dimitrov,Frances Tiafoe,2570.0,2310.0,276.6,282.3,146.0,137.8,260.0,-5.699999999999989,8.199999999999989
630,Holger Rune,Alejandro Davidovich Fokina,3460.0,1495.0,271.9,264.1,139.5,154.6,1965.0,7.7999999999999545,-15.099999999999994
631,Daniil Medvedev,Marton Fucsovics,7200.0,912.0,277.6,259.6,163.7,145.6,6288.0,18.0,18.099999999999994
632,Jiri Lehecka,Tommy Paul,1372.0,2665.0,272.4,273.2,131.2,143.3,-1293.0,-0.8000000000000114,-12.100000000000023
633,Stefanos Tsitsipas,Laslo Djere,4235.0,1285.0,292.0,269.8,133.5,134.9,2950.0,22.19999999999999,-1.4000000000000057
634,Jannik Sinner,Quentin Halys,5490.0,640.0,283.1,288.5,160.0,122.7,4850.0,-5.399999999999977,37.3
635,Hubert Hurkacz,Lorenzo Musetti,3245.0,1470.0,295.5,265.3,124.6,152.4,1775.0,30.19999999999999,-27.80000000000001
636,Novak Djokovic,Stan Wawrinka,9945.0,942.0,292.2,274.8,158.4,131.2,9003.0,17.399999999999977,27.200000000000017
637,Holger Rune,Grigor Dimitrov,3460.0,2570.0,271.9,276.6,139.5,146.0,890.0,-4.7000000000000455,-6.5
638,Daniil Medvedev,Jiri Lehecka,7200.0,1372.0,277.6,272.4,163.7,131.2,5828.0,5.2000000000000455,32.5
639,Christopher Eubanks,Stefanos Tsitsipas,1253.0,4235.0,289.7,292.0,114.6,133.5,-2982.0,-2.3000000000000114,-18.900000000000006
640,Andrey Rublev,Alexander Bublik,4805.0,1369.0,279.4,269.6,146.7,128.7,3436.0,9.799999999999955,18.0
641,Novak Djokovic,Hubert Hurkacz,9945.0,3245.0,292.2,295.5,158.4,124.6,6700.0,-3.3000000000000114,33.80000000000001
642,Carlos Alcaraz,Holger Rune,8455.0,3460.0,280.5,271.9,162.6,139.5,4995.0,8.600000000000023,23.099999999999994
643,Daniil Medvedev,Christopher Eubanks,7200.0,1253.0,277.6,289.7,163.7,114.6,5947.0,-12.099999999999966,49.099999999999994
644,Jannik Sinner,Roman Safiullin,5490.0,1122.0,283.1,272.5,160.0,145.3,4368.0,10.600000000000023,14.699999999999989
645,Novak Djokovic,Andrey Rublev,9945.0,4805.0,292.2,279.4,158.4,146.7,5140.0,12.800000000000011,11.700000000000017
646,Carlos Alcaraz,Daniil Medvedev,8455.0,7200.0,280.5,277.6,162.6,163.7,1255.0,2.8999999999999773,-1.0999999999999943
647,Novak Djokovic,Jannik Sinner,9945.0,5490.0,292.2,283.1,158.4,160.0,4455.0,9.099999999999966,-1.5999999999999943
648,Carlos Alcaraz,Novak Djokovic,8455.0,9945.0,280.5,292.2,162.6,158.4,-1490.0,-11.699999999999989,4.199999999999989
649,Pedro Cachin,Jaume Munar,763.0,706.0,261.8,246.9,136.8,149.4,57.0,14.900000000000006,-12.599999999999994
650,Pedro Cachin,Roberto Bautista Agut,763.0,836.0,261.8,272.4,136.8,133.7,-73.0,-10.599999999999966,3.1000000000000227
651,Jaume Munar,Stan Wawrinka,706.0,942.0,246.9,274.8,149.4,131.2,-236.0,-27.900000000000006,18.200000000000017
652,Yannick Hanfmann,Daniel Altmaier,937.0,891.0,270.6,269.3,139.8,131.0,46.0,1.3000000000000114,8.800000000000011
653,Stan Wawrinka,Roberto Carballes Baena,942.0,816.0,274.8,256.8,131.2,141.4,126.0,18.0,-10.200000000000017
654,Daniel Altmaier,Benjamin Bonzi,891.0,738.0,269.3,271.1,131.0,132.5,153.0,-1.8000000000000114,-1.5
655,Andrey Rublev,Casper Ruud,4805.0,2825.0,279.4,276.0,146.7,141.1,1980.0,3.3999999999999773,5.599999999999994
656,Casper Ruud,Lorenzo Musetti,2825.0,1470.0,276.0,265.3,141.1,152.4,1355.0,10.699999999999989,-11.300000000000011
657,Andrey Rublev,Francisco Cerundolo,4805.0,1760.0,279.4,256.9,146.7,151.6,3045.0,22.5,-4.900000000000006
658,Casper Ruud,Sebastian Ofner,2825.0,1048.0,276.0,248.6,141.1,143.4,1777.0,27.400000000000006,-2.3000000000000114
659,Andrey Rublev,Alexander Zverev,4805.0,3585.0,279.4,283.0,146.7,141.1,1220.0,-3.6000000000000227,5.599999999999994
660,Sebastian Ofner,Bernabe Zapata Miralles,1048.0,715.0,248.6,242.8,143.4,153.3,333.0,5.799999999999983,-9.900000000000006
661,Lorenzo Musetti,Matteo Arnaldi,1470.0,1021.0,265.3,264.9,152.4,138.0,449.0,0.4000000000000341,14.400000000000006
662,Sebastian Ofner,Tomas Martin Etcheverry,1048.0,1375.0,248.6,274.0,143.4,137.9,-327.0,-25.400000000000006,5.5
663,Matteo Arnaldi,Emil Ruusuvuori,1021.0,771.0,264.9,268.2,138.0,140.7,250.0,-3.3000000000000114,-2.6999999999999886
664,Adrian Mannarino,Ugo Humbert,1755.0,1765.0,265.8,268.1,154.3,136.0,-10.0,-2.3000000000000114,18.30000000000001
665,Adrian Mannarino,Jordan Thompson,1755.0,902.0,265.8,280.4,154.3,125.8,853.0,-14.599999999999966,28.500000000000014
666,Alexander Zverev,Laslo Djere,3585.0,1285.0,283.0,269.8,141.1,134.9,2300.0,13.199999999999989,6.199999999999989
667,Alexander Zverev,Arthur Fils,3585.0,1162.0,283.0,267.1,141.1,135.6,2423.0,15.899999999999977,5.5
668,Laslo Djere,Zhizhen Zhang,1285.0,885.0,269.8,272.2,134.9,135.2,400.0,-2.3999999999999773,-0.29999999999998295
669,Arthur Fils,Casper Ruud,1162.0,2825.0,267.1,276.0,135.6,141.1,-1663.0,-8.899999999999977,-5.5
670,Laslo Djere,Lorenzo Musetti,1285.0,1470.0,269.8,265.3,134.9,152.4,-185.0,4.5,-17.5
671,Zhizhen Zhang,Daniel Altmaier,885.0,891.0,272.2,269.3,135.2,131.0,-6.0,2.8999999999999773,4.199999999999989
672,Casper Ruud,Cristian Garin,2825.0,696.0,276.0,262.6,141.1,141.1,2129.0,13.399999999999977,0.0
673,Arthur Fils,Dusan Lajovic,1162.0,994.0,267.1,260.1,135.6,144.7,168.0,7.0,-9.099999999999994
674,Zhizhen Zhang,Yannick Hanfmann,885.0,937.0,272.2,270.6,135.2,139.8,-52.0,1.599999999999966,-4.600000000000023
675,Daniel Altmaier,Andrey Rublev,891.0,4805.0,269.3,279.4,131.0,146.7,-3914.0,-10.099999999999966,-15.699999999999989
676,Casper Ruud,Sebastian Baez,2825.0,1435.0,276.0,265.1,141.1,150.9,1390.0,10.899999999999977,-9.800000000000011
677,Dusan Lajovic,Miomir Kecmanovic,994.0,905.0,260.1,262.9,144.7,140.8,89.0,-2.7999999999999545,3.8999999999999773
678,Alejandro Davidovich Fokina,Pedro Cachin,1495.0,763.0,264.1,261.8,154.6,136.8,732.0,2.3000000000000114,17.799999999999983
679,Laslo Djere,Tomas Martin Etcheverry,1285.0,1375.0,269.8,274.0,134.9,137.9,-90.0,-4.199999999999989,-3.0
680,Yannick Hanfmann,Francisco Cerundolo,937.0,1760.0,270.6,256.9,139.8,151.6,-823.0,13.700000000000045,-11.799999999999983
681,Daniel Altmaier,Richard Gasquet,891.0,735.0,269.3,252.4,131.0,139.2,156.0,16.900000000000006,-8.199999999999989
682,Andrey Rublev,Bernabe Zapata Miralles,4805.0,715.0,279.4,242.8,146.7,153.3,4090.0,36.599999999999966,-6.600000000000023
683,Alexei Popyrin,Stan Wawrinka,1084.0,942.0,279.8,274.8,119.5,131.2,142.0,5.0,-11.699999999999989
684,Alexei Popyrin,Matteo Arnaldi,1084.0,1021.0,279.8,264.9,119.5,138.0,63.0,14.900000000000034,-18.5
685,Stan Wawrinka,Lorenzo Sonego,942.0,990.0,274.8,277.2,131.2,132.2,-48.0,-2.3999999999999773,-1.0
686,Matteo Arnaldi,Jiri Lehecka,1021.0,1372.0,264.9,272.4,138.0,131.2,-351.0,-7.5,6.800000000000011
687,Stan Wawrinka,Roberto Carballes Baena,942.0,816.0,274.8,256.8,131.2,141.4,126.0,18.0,-10.200000000000017
688,Lorenzo Sonego,Jaume Munar,990.0,706.0,277.2,246.9,132.2,149.4,284.0,30.299999999999983,-17.200000000000017
689,Jiri Lehecka,Dominic Thiem,1372.0,652.0,272.4,269.6,131.2,124.0,720.0,2.7999999999999545,7.199999999999989
690,Alexei Popyrin,Sebastian Ofner,1084.0,1048.0,279.8,248.6,119.5,143.4,36.0,31.200000000000017,-23.900000000000006
691,Alexei Popyrin,Benjamin Bonzi,1084.0,738.0,279.8,271.1,119.5,132.5,346.0,8.699999999999989,-13.0
692,Sebastian Baez,Dominic Thiem,1435.0,652.0,265.1,269.6,150.9,124.0,783.0,-4.5,26.900000000000006
693,Sebastian Baez,Tomas Martin Etcheverry,1435.0,1375.0,265.1,274.0,150.9,137.9,60.0,-8.899999999999977,13.0
694,Dominic Thiem,Laslo Djere,652.0,1285.0,269.6,269.8,124.0,134.9,-633.0,-0.19999999999998863,-10.900000000000006
695,Laslo Djere,Pedro Cachin,1285.0,763.0,269.8,261.8,134.9,136.8,522.0,8.0,-1.9000000000000057
696,Dominic Thiem,Arthur Rinderknech,652.0,656.0,269.6,275.1,124.0,125.0,-4.0,-5.5,-1.0
697,Sebastian Baez,Roberto Carballes Baena,1435.0,816.0,265.1,256.8,150.9,141.4,619.0,8.300000000000011,9.5
698,Dominic Thiem,Zhizhen Zhang,652.0,885.0,269.6,272.2,124.0,135.2,-233.0,-2.599999999999966,-11.199999999999989
699,Arthur Rinderknech,Yannick Hanfmann,656.0,937.0,275.1,270.6,125.0,139.8,-281.0,4.5,-14.800000000000011
700,Zhizhen Zhang,Dusan Lajovic,885.0,994.0,272.2,260.1,135.2,144.7,-109.0,12.099999999999966,-9.5
701,Stefanos Tsitsipas,Borna Coric,4235.0,1135.0,292.0,264.0,133.5,125.6,3100.0,28.0,7.900000000000006
702,Stefanos Tsitsipas,Nicolas Jarry,4235.0,1810.0,292.0,290.6,133.5,131.2,2425.0,1.3999999999999773,2.3000000000000114
703,Daniel Evans,Tallon Griekspoor,1131.0,1640.0,260.8,282.8,136.7,126.5,-509.0,-22.0,10.199999999999989
704,Tallon Griekspoor,Taylor Fritz,1640.0,3100.0,282.8,288.6,126.5,145.4,-1460.0,-5.800000000000011,-18.900000000000006
705,Daniel Evans,Grigor Dimitrov,1131.0,2570.0,260.8,276.6,136.7,146.0,-1439.0,-15.800000000000011,-9.300000000000011
706,Taylor Fritz,Jordan Thompson,3100.0,902.0,288.6,280.4,145.4,125.8,2198.0,8.200000000000045,19.60000000000001
707,Grigor Dimitrov,Ugo Humbert,2570.0,1765.0,276.6,268.1,146.0,136.0,805.0,8.5,10.0
708,Daniel Evans,Frances Tiafoe,1131.0,2310.0,260.8,282.3,136.7,137.8,-1179.0,-21.5,-1.1000000000000227
709,Taylor Fritz,Andy Murray,3100.0,1050.0,288.6,266.5,145.4,129.6,2050.0,22.100000000000023,15.800000000000011
710,Jordan Thompson,Christopher Eubanks,902.0,1253.0,280.4,289.7,125.8,114.6,-351.0,-9.300000000000011,11.200000000000003
711,Grigor Dimitrov,Emil Ruusuvuori,2570.0,771.0,276.6,268.2,146.0,140.7,1799.0,8.400000000000034,5.300000000000011
712,Jordan Thompson,Adrian Mannarino,902.0,1755.0,280.4,265.8,125.8,154.3,-853.0,14.599999999999966,-28.500000000000014
713,Emil Ruusuvuori,Yoshihito Nishioka,771.0,955.0,268.2,258.0,140.7,137.9,-184.0,10.199999999999989,2.799999999999983
714,Ugo Humbert,Thanasi Kokkinakis,1765.0,802.0,268.1,287.6,136.0,121.9,963.0,-19.5,14.099999999999994
715,Daniel Evans,Gregoire Barrere,1131.0,708.0,260.8,269.1,136.7,131.9,423.0,-8.300000000000011,4.799999999999983
716,Jannik Sinner,Tommy Paul,5490.0,2665.0,283.1,273.2,160.0,143.3,2825.0,9.900000000000034,16.69999999999999
717,Tommy Paul,Carlos Alcaraz,2665.0,8455.0,273.2,280.5,143.3,162.6,-5790.0,-7.300000000000011,-19.299999999999983
718,Carlos Alcaraz,Hubert Hurkacz,8455.0,3245.0,280.5,295.5,162.6,124.6,5210.0,-15.0,38.0
719,Tommy Paul,Marcos Giron,2665.0,860.0,273.2,271.5,143.3,134.6,1805.0,1.6999999999999886,8.700000000000017
720,Jannik Sinner,Andy Murray,5490.0,1050.0,283.1,266.5,160.0,129.6,4440.0,16.600000000000023,30.400000000000006
721,Alejandro Davidovich Fokina,Casper Ruud,1495.0,2825.0,264.1,276.0,154.6,141.1,-1330.0,-11.899999999999977,13.5
722,Daniil Medvedev,Lorenzo Musetti,7200.0,1470.0,277.6,265.3,163.7,152.4,5730.0,12.300000000000011,11.299999999999983
723,Carlos Alcaraz,Ben Shelton,8455.0,2215.0,280.5,282.8,162.6,127.3,6240.0,-2.3000000000000114,35.3
724,Hubert Hurkacz,Miomir Kecmanovic,3245.0,905.0,295.5,262.9,124.6,140.8,2340.0,32.60000000000002,-16.200000000000017
725,Tommy Paul,Francisco Cerundolo,2665.0,1760.0,273.2,256.9,143.3,151.6,905.0,16.30000000000001,-8.299999999999983
726,Marcos Giron,Holger Rune,860.0,3460.0,271.5,271.9,134.6,139.5,-2600.0,-0.39999999999997726,-4.900000000000006
727,Andy Murray,Max Purcell,1050.0,1012.0,266.5,263.0,129.6,125.7,38.0,3.5,3.8999999999999915
728,Alejandro Davidovich Fokina,Alexander Zverev,1495.0,3585.0,264.1,283.0,154.6,141.1,-2090.0,-18.899999999999977,13.5
729,Casper Ruud,Jiri Lehecka,2825.0,1372.0,276.0,272.4,141.1,131.2,1453.0,3.6000000000000227,9.900000000000006
730,Taylor Fritz,Ugo Humbert,3100.0,1765.0,288.6,268.1,145.4,136.0,1335.0,20.5,9.400000000000006
731,Lorenzo Musetti,Thanasi Kokkinakis,1470.0,802.0,265.3,287.6,152.4,121.9,668.0,-22.30000000000001,30.5
732,Daniil Medvedev,Matteo Arnaldi,7200.0,1021.0,277.6,264.9,163.7,138.0,6179.0,12.700000000000045,25.69999999999999
733,Ben Shelton,Bernabe Zapata Miralles,2215.0,715.0,282.8,242.8,127.3,153.3,1500.0,40.0,-26.000000000000014
734,Miomir Kecmanovic,Cristian Garin,905.0,696.0,262.9,262.6,140.8,141.1,209.0,0.2999999999999545,-0.29999999999998295
735,Hubert Hurkacz,Alexander Bublik,3245.0,1369.0,295.5,269.6,124.6,128.7,1876.0,25.899999999999977,-4.099999999999994
736,Marcos Giron,Emil Ruusuvuori,860.0,771.0,271.5,268.2,134.6,140.7,89.0,3.3000000000000114,-6.099999999999994
737,Sebastian Korda,Tomas Martin Etcheverry,1530.0,1375.0,281.2,274.0,137.7,137.9,155.0,7.199999999999989,-0.20000000000001705
738,Andy Murray,Lorenzo Sonego,1050.0,990.0,266.5,277.2,129.6,132.2,60.0,-10.699999999999989,-2.5999999999999943
739,Alexander Zverev,Tallon Griekspoor,3585.0,1640.0,283.0,282.8,141.1,126.5,1945.0,0.19999999999998863,14.599999999999994
740,Ugo Humbert,Nicolas Jarry,1765.0,1810.0,268.1,290.6,136.0,131.2,-45.0,-22.5,4.800000000000011
741,Lorenzo Musetti,Yoshihito Nishioka,1470.0,955.0,265.3,258.0,152.4,137.9,515.0,7.300000000000011,14.5
742,Thanasi Kokkinakis,Zhizhen Zhang,802.0,885.0,287.6,272.2,121.9,135.2,-83.0,15.400000000000034,-13.299999999999983
743,Novak Djokovic,Carlos Alcaraz,9945.0,8455.0,292.2,280.5,158.4,162.6,1490.0,11.699999999999989,-4.199999999999989
744,Carlos Alcaraz,Hubert Hurkacz,8455.0,3245.0,280.5,295.5,162.6,124.6,5210.0,-15.0,38.0
745,Novak Djokovic,Alexander Zverev,9945.0,3585.0,292.2,283.0,158.4,141.1,6360.0,9.199999999999989,17.30000000000001
746,Carlos Alcaraz,Max Purcell,8455.0,1012.0,280.5,263.0,162.6,125.7,7443.0,17.5,36.89999999999999
747,Hubert Hurkacz,Alexei Popyrin,3245.0,1084.0,295.5,279.8,124.6,119.5,2161.0,15.699999999999989,5.099999999999994
748,Alexander Zverev,Adrian Mannarino,3585.0,1755.0,283.0,265.8,141.1,154.3,1830.0,17.19999999999999,-13.200000000000017
749,Novak Djokovic,Taylor Fritz,9945.0,3100.0,292.2,288.6,158.4,145.4,6845.0,3.599999999999966,13.0
750,Carlos Alcaraz,Tommy Paul,8455.0,2665.0,280.5,273.2,162.6,143.3,5790.0,7.300000000000011,19.299999999999983
751,Max Purcell,Stan Wawrinka,1012.0,942.0,263.0,274.8,125.7,131.2,70.0,-11.800000000000011,-5.499999999999986
752,Hubert Hurkacz,Stefanos Tsitsipas,3245.0,4235.0,295.5,292.0,124.6,133.5,-990.0,3.5,-8.900000000000006
753,Alexei Popyrin,Emil Ruusuvuori,1084.0,771.0,279.8,268.2,119.5,140.7,313.0,11.600000000000023,-21.19999999999999
754,Alexander Zverev,Daniil Medvedev,3585.0,7200.0,283.0,277.6,141.1,163.7,-3615.0,5.399999999999977,-22.599999999999994
755,Taylor Fritz,Dusan Lajovic,3100.0,994.0,288.6,260.1,145.4,144.7,2106.0,28.5,0.700000000000017
756,Carlos Alcaraz,Jordan Thompson,8455.0,902.0,280.5,280.4,162.6,125.8,7553.0,0.10000000000002274,36.8
757,Tommy Paul,Ugo Humbert,2665.0,1765.0,273.2,268.1,143.3,136.0,900.0,5.099999999999966,7.300000000000011
758,Stan Wawrinka,Frances Tiafoe,942.0,2310.0,274.8,282.3,131.2,137.8,-1368.0,-7.5,-6.600000000000023
759,Max Purcell,Casper Ruud,1012.0,2825.0,263.0,276.0,125.7,141.1,-1813.0,-13.0,-15.399999999999991
760,Stefanos Tsitsipas,Ben Shelton,4235.0,2215.0,292.0,282.8,133.5,127.3,2020.0,9.199999999999989,6.200000000000003
761,Hubert Hurkacz,Borna Coric,3245.0,1135.0,295.5,264.0,124.6,125.6,2110.0,31.5,-1.0
762,Alexei Popyrin,Nicolas Jarry,1084.0,1810.0,279.8,290.6,119.5,131.2,-726.0,-10.800000000000011,-11.699999999999989
763,Emil Ruusuvuori,Andrey Rublev,771.0,4805.0,268.2,279.4,140.7,146.7,-4034.0,-11.199999999999989,-6.0
764,Alexander Zverev,Yoshihito Nishioka,3585.0,955.0,283.0,258.0,141.1,137.9,2630.0,25.0,3.1999999999999886
765,Daniil Medvedev,Lorenzo Musetti,7200.0,1470.0,277.6,265.3,163.7,152.4,5730.0,12.300000000000011,11.299999999999983
766,Dusan Lajovic,Jannik Sinner,994.0,5490.0,260.1,283.1,144.7,160.0,-4496.0,-23.0,-15.300000000000011
767,Taylor Fritz,Lorenzo Sonego,3100.0,990.0,288.6,277.2,145.4,132.2,2110.0,11.400000000000034,13.200000000000017
768,Novak Djokovic,Alejandro Davidovich Fokina,9945.0,1495.0,292.2,264.1,158.4,154.6,8450.0,28.099999999999966,3.8000000000000114
769,Ugo Humbert,Arthur Fils,1765.0,1162.0,268.1,267.1,136.0,135.6,603.0,1.0,0.4000000000000057
770,Tommy Paul,Miomir Kecmanovic,2665.0,905.0,273.2,262.9,143.3,140.8,1760.0,10.300000000000011,2.5
771,Frances Tiafoe,Tallon Griekspoor,2310.0,1640.0,282.3,282.8,137.8,126.5,670.0,-0.5,11.300000000000011
772,Ben Shelton,Christopher Eubanks,2215.0,1253.0,282.8,289.7,127.3,114.6,962.0,-6.899999999999977,12.700000000000003
773,Hubert Hurkacz,Thanasi Kokkinakis,3245.0,802.0,295.5,287.6,124.6,121.9,2443.0,7.899999999999977,2.6999999999999886
774,Borna Coric,Sebastian Korda,1135.0,1530.0,264.0,281.2,125.6,137.7,-395.0,-17.19999999999999,-12.099999999999994
775,Alexei Popyrin,Daniel Altmaier,1084.0,891.0,279.8,269.3,119.5,131.0,193.0,10.5,-11.5
776,Nicolas Jarry,Roman Safiullin,1810.0,1122.0,290.6,272.5,131.2,145.3,688.0,18.100000000000023,-14.100000000000023
777,Adrian Mannarino,Richard Gasquet,1755.0,735.0,265.8,252.4,154.3,139.2,1020.0,13.400000000000006,15.100000000000023
778,Alexander Zverev,Grigor Dimitrov,3585.0,2570.0,283.0,276.6,141.1,146.0,1015.0,6.399999999999977,-4.900000000000006
779,Yoshihito Nishioka,Gregoire Barrere,955.0,708.0,258.0,269.1,137.9,131.9,247.0,-11.100000000000023,6.0
780,Lorenzo Musetti,Daniel Evans,1470.0,1131.0,265.3,260.8,152.4,136.7,339.0,4.5,15.700000000000017
781,Dusan Lajovic,Francisco Cerundolo,994.0,1760.0,260.1,256.9,144.7,151.6,-766.0,3.2000000000000455,-6.900000000000006
782,Taylor Fritz,Jiri Lehecka,3100.0,1372.0,288.6,272.4,145.4,131.2,1728.0,16.200000000000045,14.200000000000017
783,Alejandro Davidovich Fokina,Tomas Martin Etcheverry,1495.0,1375.0,264.1,274.0,154.6,137.9,120.0,-9.899999999999977,16.69999999999999
784,Sebastian Baez,Jiri Lehecka,1435.0,1372.0,265.1,272.4,150.9,131.2,63.0,-7.2999999999999545,19.700000000000017
785,Sebastian Baez,Borna Coric,1435.0,1135.0,265.1,264.0,150.9,125.6,300.0,1.1000000000000227,25.30000000000001
786,Jiri Lehecka,Sebastian Korda,1372.0,1530.0,272.4,281.2,131.2,137.7,-158.0,-8.800000000000011,-6.5
787,Sebastian Baez,Laslo Djere,1435.0,1285.0,265.1,269.8,150.9,134.9,150.0,-4.699999999999989,16.0
788,Sebastian Korda,Richard Gasquet,1530.0,735.0,281.2,252.4,137.7,139.2,795.0,28.799999999999983,-1.5
789,Jiri Lehecka,Max Purcell,1372.0,1012.0,272.4,263.0,131.2,125.7,360.0,9.399999999999977,5.499999999999986
790,Sebastian Korda,Marton Fucsovics,1530.0,912.0,281.2,259.6,137.7,145.6,618.0,21.599999999999966,-7.900000000000006
791,Max Purcell,Tallon Griekspoor,1012.0,1640.0,263.0,282.8,125.7,126.5,-628.0,-19.80000000000001,-0.7999999999999972
792,Marton Fucsovics,Zhizhen Zhang,912.0,885.0,259.6,272.2,145.6,135.2,27.0,-12.599999999999966,10.400000000000006
793,Sebastian Korda,Benjamin Bonzi,1530.0,738.0,281.2,271.1,137.7,132.5,792.0,10.099999999999966,5.199999999999989
794,Arthur Fils,Tallon Griekspoor,1162.0,1640.0,267.1,282.8,135.6,126.5,-478.0,-15.699999999999989,9.099999999999994
795,Stan Wawrinka,Yoshihito Nishioka,942.0,955.0,274.8,258.0,131.2,137.9,-13.0,16.80000000000001,-6.700000000000017
796,Jannik Sinner,Yannick Hanfmann,5490.0,937.0,283.1,270.6,160.0,139.8,4553.0,12.5,20.19999999999999
797,Sebastian Baez,Borna Coric,1435.0,1135.0,265.1,264.0,150.9,125.6,300.0,1.1000000000000227,25.30000000000001
798,Marton Fucsovics,Sebastian Korda,912.0,1530.0,259.6,281.2,145.6,137.7,-618.0,-21.599999999999966,7.900000000000006
799,Alejandro Davidovich Fokina,Marcos Giron,1495.0,860.0,264.1,271.5,154.6,134.6,635.0,-7.399999999999977,20.0
800,Dominic Thiem,Alexander Bublik,652.0,1369.0,269.6,269.6,124.0,128.7,-717.0,0.0,-4.699999999999989
801,Ben Shelton,Pedro Cachin,2215.0,763.0,282.8,261.8,127.3,136.8,1452.0,21.0,-9.500000000000014
802,Roberto Carballes Baena,Holger Rune,816.0,3460.0,256.8,271.9,141.4,139.5,-2644.0,-15.099999999999966,1.9000000000000057
803,Benjamin Bonzi,Quentin Halys,738.0,640.0,271.1,288.5,132.5,122.7,98.0,-17.399999999999977,9.799999999999997
804,Juan Pablo Varillas,Miomir Kecmanovic,780.0,905.0,254.2,262.9,145.4,140.8,-125.0,-8.699999999999989,4.599999999999994
805,Matteo Arnaldi,Arthur Fils,1021.0,1162.0,264.9,267.1,138.0,135.6,-141.0,-2.2000000000000455,2.4000000000000057
806,Alexander Zverev,Daniel Altmaier,3585.0,891.0,283.0,269.3,141.1,131.0,2694.0,13.699999999999989,10.099999999999994
807,Grigor Dimitrov,Andy Murray,2570.0,1050.0,276.6,266.5,146.0,129.6,1520.0,10.100000000000023,16.400000000000006
808,Stan Wawrinka,Tomas Martin Etcheverry,942.0,1375.0,274.8,274.0,131.2,137.9,-433.0,0.8000000000000114,-6.700000000000017
809,Jannik Sinner,Lorenzo Sonego,5490.0,990.0,283.1,277.2,160.0,132.2,4500.0,5.900000000000034,27.80000000000001
810,Zhizhen Zhang,Casper Ruud,885.0,2825.0,272.2,276.0,135.2,141.1,-1940.0,-3.8000000000000114,-5.900000000000006
811,Frances Tiafoe,Sebastian Ofner,2310.0,1048.0,282.3,248.6,137.8,143.4,1262.0,33.70000000000002,-5.599999999999994
812,Tommy Paul,Roman Safiullin,2665.0,1122.0,273.2,272.5,143.3,145.3,1543.0,0.6999999999999886,-2.0
813,Ben Shelton,Dominic Thiem,2215.0,652.0,282.8,269.6,127.3,124.0,1563.0,13.199999999999989,3.299999999999997
814,Benjamin Bonzi,Christopher Eubanks,738.0,1253.0,271.1,289.7,132.5,114.6,-515.0,-18.599999999999966,17.900000000000006
815,Taylor Fritz,Juan Pablo Varillas,3100.0,780.0,288.6,254.2,145.4,145.4,2320.0,34.400000000000034,0.0
816,Novak Djokovic,Bernabe Zapata Miralles,9945.0,715.0,292.2,242.8,158.4,153.3,9230.0,49.39999999999998,5.099999999999994
817,Carlos Alcaraz,Daniel Evans,8455.0,1131.0,280.5,260.8,162.6,136.7,7324.0,19.69999999999999,25.900000000000006
818,Matteo Arnaldi,Cameron Norrie,1021.0,1940.0,264.9,270.6,138.0,147.0,-919.0,-5.7000000000000455,-9.0
819,Alexander Zverev,Grigor Dimitrov,3585.0,2570.0,283.0,276.6,141.1,146.0,1015.0,6.399999999999977,-4.900000000000006
820,Jannik Sinner,Stan Wawrinka,5490.0,942.0,283.1,274.8,160.0,131.2,4548.0,8.300000000000011,28.80000000000001
821,Daniil Medvedev,Sebastian Baez,7200.0,1435.0,277.6,265.1,163.7,150.9,5765.0,12.5,12.799999999999983
822,Andrey Rublev,Arthur Rinderknech,4805.0,656.0,279.4,275.1,146.7,125.0,4149.0,4.2999999999999545,21.69999999999999
823,Frances Tiafoe,Adrian Mannarino,2310.0,1755.0,282.3,265.8,137.8,154.3,555.0,16.5,-16.5
824,Tommy Paul,Alejandro Davidovich Fokina,2665.0,1495.0,273.2,264.1,143.3,154.6,1170.0,9.099999999999966,-11.299999999999983
825,Novak Djokovic,Laslo Djere,9945.0,1285.0,292.2,269.8,158.4,134.9,8660.0,22.399999999999977,23.5
826,Carlos Alcaraz,Matteo Arnaldi,8455.0,1021.0,280.5,264.9,162.6,138.0,7434.0,15.600000000000023,24.599999999999994
827,Alexander Zverev,Jannik Sinner,3585.0,5490.0,283.0,283.1,141.1,160.0,-1905.0,-0.10000000000002274,-18.900000000000006
828,Ben Shelton,Tommy Paul,2215.0,2665.0,282.8,273.2,127.3,143.3,-450.0,9.600000000000023,-16.000000000000014
829,Carlos Alcaraz,Alexander Zverev,8455.0,3585.0,280.5,283.0,162.6,141.1,4870.0,-2.5,21.5
830,Daniil Medvedev,Andrey Rublev,7200.0,4805.0,277.6,279.4,163.7,146.7,2395.0,-1.7999999999999545,17.0
831,Ben Shelton,Frances Tiafoe,2215.0,2310.0,282.8,282.3,127.3,137.8,-95.0,0.5,-10.500000000000014
832,Novak Djokovic,Taylor Fritz,9945.0,3100.0,292.2,288.6,158.4,145.4,6845.0,3.599999999999966,13.0
833,Daniil Medvedev,Carlos Alcaraz,7200.0,8455.0,277.6,280.5,163.7,162.6,-1255.0,-2.8999999999999773,1.0999999999999943
834,Novak Djokovic,Ben Shelton,9945.0,2215.0,292.2,282.8,158.4,127.3,7730.0,9.399999999999977,31.10000000000001
835,Novak Djokovic,Daniil Medvedev,9945.0,7200.0,292.2,277.6,158.4,163.7,2745.0,14.599999999999966,-5.299999999999983
836,Emil Ruusuvuori,Pedro Cachin,771.0,763.0,268.2,261.8,140.7,136.8,8.0,6.399999999999977,3.8999999999999773
837,Borna Coric,Dominic Thiem,1135.0,652.0,264.0,269.6,125.6,124.0,483.0,-5.600000000000023,1.5999999999999943
838,Ugo Humbert,Marton Fucsovics,1765.0,912.0,268.1,259.6,136.0,145.6,853.0,8.5,-9.599999999999994
839,Adrian Mannarino,Marton Fucsovics,1755.0,912.0,265.8,259.6,154.3,145.6,843.0,6.199999999999989,8.700000000000017
840,Alexander Zverev,Stan Wawrinka,3585.0,942.0,283.0,274.8,141.1,131.2,2643.0,8.199999999999989,9.900000000000006
841,Stan Wawrinka,Daniel Altmaier,942.0,891.0,274.8,269.3,131.2,131.0,51.0,5.5,0.19999999999998863
842,Nicolas Jarry,Alexander Bublik,1810.0,1369.0,290.6,269.6,131.2,128.7,441.0,21.0,2.5
843,Cristian Garin,Alexander Bublik,696.0,1369.0,262.6,269.6,141.1,128.7,-673.0,-7.0,12.400000000000006
844,Aslan Karatsev,Daniel Altmaier,1193.0,891.0,268.0,269.3,131.9,131.0,302.0,-1.3000000000000114,0.9000000000000057
845,Aslan Karatsev,Zhizhen Zhang,1193.0,885.0,268.0,272.2,131.9,135.2,308.0,-4.199999999999989,-3.299999999999983
846,Aslan Karatsev,Daniil Medvedev,1193.0,7200.0,268.0,277.6,131.9,163.7,-6007.0,-9.600000000000023,-31.799999999999983
847,Aslan Karatsev,Laslo Djere,1193.0,1285.0,268.0,269.8,131.9,134.9,-92.0,-1.8000000000000114,-3.0
848,Aslan Karatsev,Alexei Popyrin,1193.0,1084.0,268.0,279.8,131.9,119.5,109.0,-11.800000000000011,12.400000000000006
849,Aslan Karatsev,Jiri Lehecka,1193.0,1372.0,268.0,272.4,131.9,131.2,-179.0,-4.399999999999977,0.700000000000017
850,Aslan Karatsev,Roberto Carballes Baena,1193.0,816.0,268.0,256.8,131.9,141.4,377.0,11.199999999999989,-9.5
851,Tallon Griekspoor,Aslan Karatsev,1640.0,1193.0,282.8,268.0,126.5,131.9,447.0,14.800000000000011,-5.400000000000006
852,Grigor Dimitrov,Aslan Karatsev,2570.0,1193.0,276.6,268.0,146.0,131.9,1377.0,8.600000000000023,14.099999999999994
853,Grigor Dimitrov,Aslan Karatsev,2570.0,1193.0,276.6,268.0,146.0,131.9,1377.0,8.600000000000023,14.099999999999994
854,Frances Tiafoe,Aslan Karatsev,2310.0,1193.0,282.3,268.0,137.8,131.9,1117.0,14.300000000000011,5.900000000000006
855,Taylor Fritz,Aslan Karatsev,3100.0,1193.0,288.6,268.0,145.4,131.9,1907.0,20.600000000000023,13.5
856,Lorenzo Sonego,Aslan Karatsev,990.0,1193.0,277.2,268.0,132.2,131.9,-203.0,9.199999999999989,0.29999999999998295
857,Andrey Rublev,Aslan Karatsev,4805.0,1193.0,279.4,268.0,146.7,131.9,3612.0,11.399999999999977,14.799999999999983
858,Frances Tiafoe,Aslan Karatsev,2310.0,1193.0,282.3,268.0,137.8,131.9,1117.0,14.300000000000011,5.900000000000006
859,Ben Shelton,Aslan Karatsev,2215.0,1193.0,282.8,268.0,127.3,131.9,1022.0,14.800000000000011,-4.6000000000000085
